target.gene_info.symbol,target.id,association_score.overall,association_score.datatypes.genetic_association,association_score.datatypes.somatic_mutation,association_score.datatypes.known_drug,association_score.datatypes.affected_pathway,association_score.datatypes.rna_expression,association_score.datatypes.literature,association_score.datatypes.animal_model,target.gene_info.name
APOE,ENSG00000130203,1.0,1.0,0.0,0.0,0.0,0.0,0.26086930644989054,0.32171488712886237,apolipoprotein E
PCSK9,ENSG00000169174,1.0,0.990818134124028,0.0,1.0,0.0,0.0,0.19295918864265704,0.0,proprotein convertase subtilisin/kexin type 9
GUCY1A1,ENSG00000164116,1.0,0.9387183552826388,0.0,1.0,0.0,0.0,0.015153999999999999,0.0,guanylate cyclase 1 soluble subunit alpha 1
PLG,ENSG00000122194,1.0,0.8197827370111112,0.0,1.0,0.0,0.0,0.04206855534219749,0.0,plasminogen
PDE3A,ENSG00000172572,1.0,0.6112547123569444,0.0,1.0,0.0,0.0,0.014183999999999999,0.0,phosphodiesterase 3A
GUCY1A2,ENSG00000152402,1.0,0.23849673200000002,0.0,1.0,0.0,0.0,0.0,0.0,guanylate cyclase 1 soluble subunit alpha 2
HMGCR,ENSG00000113161,1.0,0.1799313336,0.0,1.0,0.0,0.0,0.08576632524802381,0.0,3-hydroxy-3-methylglutaryl-CoA reductase
HNF1A,ENSG00000135100,1.0,0.9722890910597224,0.0,0.0,0.0,0.0,0.035634027500000005,0.25,HNF1 homeobox A
LPA,ENSG00000198670,1.0,1.0,0.0,0.0,0.0,0.0,0.12484457840765177,0.0,lipoprotein(a)
NOS3,ENSG00000164867,1.0,0.9314851473294722,0.0,0.0,0.0,0.0,0.19103862112114348,0.28651910555555554,nitric oxide synthase 3
ZC3HC1,ENSG00000091732,1.0,1.0,0.0,0.0,0.0,0.0,0.0805863611111111,0.0,zinc finger C3HC-type containing 1
TGFB1,ENSG00000105329,1.0,0.9562300094853611,0.0,0.0,0.0,0.0,0.23957432797137043,0.0,transforming growth factor beta 1
FGB,ENSG00000171564,1.0,1.0,0.0,0.0,0.0,0.0,0.05445948,0.0,fibrinogen beta chain
TERT,ENSG00000164362,1.0,1.0,0.0,0.0,0.0,0.0,0.032063,0.0,telomerase reverse transcriptase
SCARB1,ENSG00000073060,1.0,0.9254458143314495,0.0,0.0,0.0,0.0,0.05938530249407999,0.30548441043083896,scavenger receptor class B member 1
GRIN2B,ENSG00000273079,1.0,0.010028164525000001,0.0,1.0,0.0,0.0,0.0,0.0,glutamate ionotropic receptor NMDA type subunit 2B
GABRB3,ENSG00000166206,1.0,0.0081984362,0.0,1.0,0.0,0.0,0.0,0.0,gamma-aminobutyric acid type A receptor beta3 subunit
CD55,ENSG00000196352,1.0,1.0,0.0,0.0,0.0,0.0,0.00396,0.0,CD55 molecule (Cromer blood group)
SCN7A,ENSG00000136546,1.0,0.0023038371,0.0,1.0,0.0,0.0,0.0,0.0,sodium voltage-gated channel alpha subunit 7
LDLR,ENSG00000130164,0.9958720171089397,0.9055735993159721,0.0,0.0,0.0,0.0,0.10844627284730199,0.3129953276841805,low density lipoprotein receptor
PHACTR1,ENSG00000112137,0.9855489679960827,0.9535912835784722,0.0,0.0,0.0,0.0,0.132817540684331,0.0,phosphatase and actin regulator 1
PLPP3,ENSG00000162407,0.981418355017946,0.9687166300179461,0.0,0.0,0.0,0.0,0.0508069,0.0,phospholipid phosphatase 3
LIPA,ENSG00000107798,0.9762957151864444,0.9449356742142222,0.0,0.0,0.0,0.0,0.12544016388888887,0.0,"lipase A, lysosomal acid type"
CELSR2,ENSG00000143126,0.9569004065916666,0.9470237933034722,0.0,0.0,0.0,0.0,0.04128772222222221,0.0,cadherin EGF LAG seven-pass G-type receptor 2
SMAD3,ENSG00000166949,0.9562102054517222,0.9297176304517222,0.0,0.0,0.0,0.0,0.1059703,0.0,SMAD family member 3
MORF4L1,ENSG00000185787,0.9545872222222223,0.9513472222222222,0.0,0.0,0.0,0.0,0.012960000000000001,0.0,mortality factor 4 like 1
MIA3,ENSG00000154305,0.9490767945909723,0.9408544820909722,0.0,0.0,0.0,0.0,0.032889249999999995,0.0,MIA SH3 domain ER export factor 3
JCAD,ENSG00000165757,0.9422451140944722,0.9336147390944722,0.0,0.0,0.0,0.0,0.0345215,0.0,junctional cadherin 5 associated
COL4A1,ENSG00000187498,0.9401950842869445,0.9249827781758334,0.0,0.0,0.0,0.0,0.06084922444444444,0.0,collagen type IV alpha 1 chain
MRAS,ENSG00000158186,0.9301586376506944,0.9146378154284722,0.0,0.0,0.0,0.0,0.062083288888888886,0.0,muscle RAS oncogene homolog
ATXN2,ENSG00000204842,0.9271395731000001,0.8753129064333334,0.0,0.0,0.0,0.0,0.01644,0.2,ataxin 2
COL4A2,ENSG00000134871,0.9250949999979167,0.9118055555534722,0.0,0.0,0.0,0.0,0.05315777777777777,0.0,collagen type IV alpha 2 chain
CDH13,ENSG00000140945,0.9236434284576389,0.9099125117909722,0.0,0.0,0.0,0.0,0.05492366666666666,0.0,cadherin 13
ARHGAP26,ENSG00000145819,0.9171851473239722,0.9171851473239722,0.0,0.0,0.0,0.0,0.0,0.0,Rho GTPase activating protein 26
IL6R,ENSG00000160712,0.9097142288329444,0.9048004732773889,0.0,0.0,0.0,0.0,0.01965502222222222,0.0,interleukin 6 receptor
ATP2B1,ENSG00000070961,0.8976956207074445,0.8917784548255,0.0,0.0,0.0,0.0,0.025034666666666667,0.0,ATPase plasma membrane Ca2+ transporting 1
CFDP1,ENSG00000153774,0.8900165680555555,0.8809755680555555,0.0,0.0,0.0,0.0,0.036164,0.0,craniofacial development protein 1
FURIN,ENSG00000140564,0.8883160919263889,0.8785345919263889,0.0,0.0,0.0,0.0,0.039126,0.0,"furin, paired basic amino acid cleaving enzyme"
EDNRA,ENSG00000151617,0.8755792850737676,0.8727928850737676,0.0,0.0,0.0,0.0,0.0111456,0.0,endothelin receptor type A
LPL,ENSG00000175445,0.8740894743387216,0.8012211964053557,0.0,0.0,0.0,0.0,0.05376632838719953,0.2847222222222222,lipoprotein lipase
NBEAL1,ENSG00000144426,0.8720735555555555,0.8680555555555556,0.0,0.0,0.0,0.0,0.016072,0.0,neurobeachin like 1
SMG6,ENSG00000070366,0.8644256059233056,0.8644256059233056,0.0,0.0,0.0,0.0,0.0,0.0,"SMG6, nonsense mediated mRNA decay factor"
FN1,ENSG00000115414,0.8309918258876275,0.8126916097354167,0.0,0.0,0.0,0.0,0.07320086460884354,0.0,fibronectin 1
UMPS,ENSG00000114491,0.8235048848361112,0.8235048848361112,0.0,0.0,0.0,0.0,0.0,0.0,uridine monophosphate synthetase
SH2B3,ENSG00000111252,0.8150619805976758,0.8052527927,0.0,0.0,0.0,0.0,0.039798513146258506,0.0,SH2B adaptor protein 3
SMARCA4,ENSG00000127616,0.8127328084250001,0.8059776834250001,0.0,0.0,0.0,0.0,0.0270205,0.0,"SWI/SNF related, matrix associated, actin dependent regulator of chromatin, subfamily a, member 4"
ESR1,ENSG00000091831,0.8060565567449341,0.0037488725,0.0,0.7500000000000001,0.0,0.0,0.052400269923156675,0.2,estrogen receptor 1
CDKN2B,ENSG00000147883,0.8051805499564852,0.7808752638666201,0.0,0.0,0.0,0.0,0.13520868867427527,0.0,cyclin dependent kinase inhibitor 2B
ZPR1,ENSG00000109917,0.7965521744388888,0.7923229193555555,0.0,0.0,0.0,0.0,0.0240655,0.0,ZPR1 zinc finger
FES,ENSG00000182511,0.7816781045750001,0.7816781045750001,0.0,0.0,0.0,0.0,0.0,0.0,"FES proto-oncogene, tyrosine kinase"
AS3MT,ENSG00000214435,0.7810165586500001,0.7788385586500001,0.0,0.0,0.0,0.0,0.008712,0.0,arsenite methyltransferase
TNS1,ENSG00000079308,0.7802105319926945,0.7802105319926945,0.0,0.0,0.0,0.0,0.0,0.0,tensin 1
TRIM5,ENSG00000132256,0.7675022509194445,0.7675022509194445,0.0,0.0,0.0,0.0,0.0,0.0,tripartite motif containing 5
C5,ENSG00000106804,0.7674033614500001,0.2696134458,0.0,0.7000000000000001,0.0,0.0,0.0,0.0,complement C5
PSRC1,ENSG00000134222,0.7597546630555556,0.7500000000000001,0.0,0.0,0.0,0.0,0.03901865222222223,0.0,proline and serine rich coiled-coil 1
ABCG8,ENSG00000143921,0.7573445467901361,0.74990336145,0.0,0.0,0.0,0.0,0.029764741360544213,0.0,ATP binding cassette subfamily G member 8
C10orf142,ENSG00000277288,0.7512840003006378,0.7512840003006378,0.0,0.0,0.0,0.0,0.0,0.0,chromosome 10 open reading frame 142
CYP46A1,ENSG00000036530,0.7500000000000001,0.7500000000000001,0.0,0.0,0.0,0.0,0.0,0.0,cytochrome P450 family 46 subfamily A member 1
TRIB1,ENSG00000173334,0.7493791140934761,0.7396501281410952,0.0,0.0,0.0,0.0,0.03891594380952381,0.0,tribbles pseudokinase 1
ARHGEF26,ENSG00000114790,0.746274252,0.741100252,0.0,0.0,0.0,0.0,0.020696,0.0,Rho guanine nucleotide exchange factor 26
KCNE2,ENSG00000159197,0.7408015532333334,0.7364775532333334,0.0,0.0,0.0,0.0,0.017296,0.0,potassium voltage-gated channel subfamily E regulatory subunit 2
HHIPL1,ENSG00000182218,0.7394240269472222,0.7394240269472222,0.0,0.0,0.0,0.0,0.0,0.0,HHIP like 1
STAG1,ENSG00000118007,0.7364966376500001,0.7364966376500001,0.0,0.0,0.0,0.0,0.0,0.0,stromal antigen 1
PROCR,ENSG00000101000,0.73191933809375,0.72300929809375,0.0,0.0,0.0,0.0,0.03564016,0.0,protein C receptor
TCF21,ENSG00000118526,0.7271174797130279,0.6726960352685835,0.0,0.0,0.0,0.0,0.21768577777777778,0.0,transcription factor 21
MAT2A,ENSG00000168906,0.7250000000000001,0.7250000000000001,0.0,0.0,0.0,0.0,0.0,0.0,methionine adenosyltransferase 2A
TWIST1,ENSG00000122691,0.7201074329583056,0.7201074329583056,0.0,0.0,0.0,0.0,0.0,0.0,twist family bHLH transcription factor 1
SWAP70,ENSG00000133789,0.7186065262096667,0.7186065262096667,0.0,0.0,0.0,0.0,0.0,0.0,switching B cell complex subunit SWAP70
ANGPTL4,ENSG00000167772,0.7175071204037555,0.7094217889312499,0.0,0.0,0.0,0.0,0.03234132589002268,0.0,angiopoietin like 4
DDI1,ENSG00000170967,0.7163849456793056,0.7163849456793056,0.0,0.0,0.0,0.0,0.0,0.0,DNA damage inducible 1 homolog 1
TTC32,ENSG00000183891,0.7105993680485556,0.7105993680485556,0.0,0.0,0.0,0.0,0.0,0.0,tetratricopeptide repeat domain 32
KCNK5,ENSG00000164626,0.706808108699639,0.706808108699639,0.0,0.0,0.0,0.0,0.0,0.0,potassium two pore domain channel subfamily K member 5
THRB,ENSG00000151090,0.70165037875,0.0066015150000000005,0.0,0.7000000000000001,0.0,0.0,0.0,0.0,thyroid hormone receptor beta
ATP1B1,ENSG00000143153,0.7007142059458333,0.7007142059458333,0.0,0.0,0.0,0.0,0.0,0.0,ATPase Na+/K+ transporting subunit beta 1
VAMP5,ENSG00000168899,0.7000000000000001,0.7000000000000001,0.0,0.0,0.0,0.0,0.0,0.0,vesicle associated membrane protein 5
APOB,ENSG00000084674,0.6960631282932062,0.6790771181402777,0.0,0.0,0.0,0.0,0.06794404061171386,0.0,apolipoprotein B
PLCG2,ENSG00000197943,0.6909970492722223,0.6909970492722223,0.0,0.0,0.0,0.0,0.0,0.0,phospholipase C gamma 2
FLT1,ENSG00000102755,0.6834096316921838,0.6731416787330001,0.0,0.0,0.0,0.0,0.041071811836734695,0.0,fms related tyrosine kinase 1
SEMA5A,ENSG00000112902,0.6830821688333334,0.6830821688333334,0.0,0.0,0.0,0.0,0.0,0.0,semaphorin 5A
VEGFA,ENSG00000112715,0.6816597301748633,0.6356060113944444,0.0,0.0,0.0,0.0,0.1842148751216753,0.0,vascular endothelial growth factor A
C2,ENSG00000166278,0.6796405053083334,0.6796405053083334,0.0,0.0,0.0,0.0,0.0,0.0,complement C2
MAD2L1,ENSG00000164109,0.6663991017326389,0.6663991017326389,0.0,0.0,0.0,0.0,0.0,0.0,mitotic arrest deficient 2 like 1
SLC22A3,ENSG00000146477,0.6580815694111111,0.6473916944111111,0.0,0.0,0.0,0.0,0.04275949999999999,0.0,solute carrier family 22 member 3
GGCX,ENSG00000115486,0.65697471695,0.65209971695,0.0,0.0,0.0,0.0,0.0195,0.0,gamma-glutamyl carboxylase
FGF5,ENSG00000138675,0.6558420367930555,0.6523140367930556,0.0,0.0,0.0,0.0,0.014112,0.0,fibroblast growth factor 5
THSD7A,ENSG00000005108,0.655292,0.65,0.0,0.0,0.0,0.0,0.021168,0.0,thrombospondin type 1 domain containing 7A
AC009163.4,ENSG00000261717,0.65,0.65,0.0,0.0,0.0,0.0,0.0,0.0,
CARF,ENSG00000138380,0.65,0.65,0.0,0.0,0.0,0.0,0.0,0.0,calcium responsive transcription factor
APOA5,ENSG00000110243,0.6497371129400525,0.633519607825,0.0,0.0,0.0,0.0,0.06487002046020982,0.0,apolipoprotein A5
IGF2R,ENSG00000197081,0.6489122971611112,0.6197112998000001,0.0,0.0,0.0,0.0,0.11680398944444445,0.0,insulin like growth factor 2 receptor
FGD6,ENSG00000180263,0.640844771225,0.640844771225,0.0,0.0,0.0,0.0,0.0,0.0,"FYVE, RhoGEF and PH domain containing 6"
BMP1,ENSG00000168487,0.6407484195416667,0.6392709195416667,0.0,0.0,0.0,0.0,0.00591,0.0,bone morphogenetic protein 1
TDRKH,ENSG00000182134,0.6398096628027777,0.6398096628027777,0.0,0.0,0.0,0.0,0.0,0.0,tudor and KH domain containing
ZNF652,ENSG00000198740,0.6369553669,0.6369553669,0.0,0.0,0.0,0.0,0.0,0.0,zinc finger protein 652
PCNX3,ENSG00000197136,0.6361744926222223,0.6361744926222223,0.0,0.0,0.0,0.0,0.0,0.0,pecanex 3
MCF2L,ENSG00000126217,0.6314209183166667,0.6314209183166667,0.0,0.0,0.0,0.0,0.0,0.0,MCF.2 cell line derived transforming sequence like
GPR149,ENSG00000174948,0.6293247456000001,0.6293247456000001,0.0,0.0,0.0,0.0,0.0,0.0,G protein-coupled receptor 149
FGD5,ENSG00000154783,0.6284918100416668,0.6284918100416668,0.0,0.0,0.0,0.0,0.0,0.0,"FYVE, RhoGEF and PH domain containing 5"
TSPAN14,ENSG00000108219,0.6262262863416667,0.6262262863416667,0.0,0.0,0.0,0.0,0.0,0.0,tetraspanin 14
LMOD1,ENSG00000163431,0.611454682725,0.608124682725,0.0,0.0,0.0,0.0,0.01332,0.0,leiomodin 1
SERPINH1,ENSG00000149257,0.6088251340111112,0.6088251340111112,0.0,0.0,0.0,0.0,0.0,0.0,serpin family H member 1
CCDC97,ENSG00000142039,0.6066666667,0.6066666667,0.0,0.0,0.0,0.0,0.0,0.0,coiled-coil domain containing 97
DHX38,ENSG00000140829,0.6056089765305556,0.6056089765305556,0.0,0.0,0.0,0.0,0.0,0.0,DEAH-box helicase 38
ZEB2,ENSG00000169554,0.603955221147384,0.603030221147384,0.0,0.0,0.0,0.0,0.0037,0.0,zinc finger E-box binding homeobox 2
HDGFL1,ENSG00000112273,0.5981982292305555,0.5981982292305555,0.0,0.0,0.0,0.0,0.0,0.0,HDGF like 1
SMUG1,ENSG00000123415,0.5862805832583334,0.5862805832583334,0.0,0.0,0.0,0.0,0.0,0.0,single-strand-selective monofunctional uracil-DNA glycosylase 1
C6orf106,ENSG00000196821,0.58365636675,0.58365636675,0.0,0.0,0.0,0.0,0.0,0.0,chromosome 6 open reading frame 106
ARHGAP42,ENSG00000165895,0.5734130208444446,0.5734130208444446,0.0,0.0,0.0,0.0,0.0,0.0,Rho GTPase activating protein 42
BCAS3,ENSG00000141376,0.5732119321955556,0.5677944321955556,0.0,0.0,0.0,0.0,0.021670000000000002,0.0,"BCAS3, microtubule associated cell migration factor"
HTRA1,ENSG00000166033,0.5726878218083333,0.5690988218083334,0.0,0.0,0.0,0.0,0.014355999999999999,0.0,HtrA serine peptidase 1
SLC22A4,ENSG00000197208,0.5699511915330175,0.5567525706083334,0.0,0.0,0.0,0.0,0.05279448369873668,0.0,solute carrier family 22 member 4
SHROOM3,ENSG00000138771,0.5687652884277777,0.5687652884277777,0.0,0.0,0.0,0.0,0.0,0.0,shroom family member 3
RASGEF1B,ENSG00000138670,0.5658325954861112,0.5658325954861112,0.0,0.0,0.0,0.0,0.0,0.0,RasGEF domain family member 1B
MAP1S,ENSG00000130479,0.5633333333,0.5633333333,0.0,0.0,0.0,0.0,0.0,0.0,microtubule associated protein 1S
PARP12,ENSG00000059378,0.5607300439583334,0.5607300439583334,0.0,0.0,0.0,0.0,0.0,0.0,poly(ADP-ribose) polymerase family member 12
SF3A3,ENSG00000183431,0.5464221715750001,0.5464221715750001,0.0,0.0,0.0,0.0,0.0,0.0,splicing factor 3a subunit 3
FNDC3B,ENSG00000075420,0.545320185411111,0.5452281854111111,0.0,0.0,0.0,0.0,0.000368,0.0,fibronectin type III domain containing 3B
PRDM16,ENSG00000142611,0.5429787713805556,0.5261227713805556,0.0,0.0,0.0,0.0,0.067424,0.0,PR/SET domain 16
CETP,ENSG00000087237,0.5372482639012122,0.49923646386666665,0.0,0.0,0.0,0.0,0.15204720013818224,0.0,cholesteryl ester transfer protein
DHX58,ENSG00000108771,0.5313243522250001,0.528718852225,0.0,0.0,0.0,0.0,0.010421999999999999,0.0,DExH-box helicase 58
GOSR2,ENSG00000108433,0.5304176042972222,0.5304176042972222,0.0,0.0,0.0,0.0,0.0,0.0,golgi SNAP receptor complex member 2
CFB,ENSG00000243649,0.5296134458,0.5296134458,0.0,0.0,0.0,0.0,0.0,0.0,complement factor B
SLC18A1,ENSG00000036565,0.5279918495,0.5279918495,0.0,0.0,0.0,0.0,0.0,0.0,solute carrier family 18 member A1
FCHO1,ENSG00000130475,0.5238764005000001,0.5238764005000001,0.0,0.0,0.0,0.0,0.0,0.0,FCH domain only 1
N4BP2L2,ENSG00000244754,0.5233790849250001,0.5233790849250001,0.0,0.0,0.0,0.0,0.0,0.0,NEDD4 binding protein 2 like 2
CNNM2,ENSG00000148842,0.5115182693888889,0.5073471724999999,0.0,0.0,0.0,0.0,0.017555066666666667,0.0,cyclin and CBS domain divalent metal cation transport mediator 2
KLF4,ENSG00000136826,0.5112238151083334,0.5112238151083334,0.0,0.0,0.0,0.0,0.0,0.0,Kruppel like factor 4
MAP3K7CL,ENSG00000156265,0.507900972525,0.507900972525,0.0,0.0,0.0,0.0,0.0,0.0,MAP3K7 C-terminal like
ARNTL,ENSG00000133794,0.5042436198138889,0.4542436198138889,0.0,0.0,0.0,0.0,0.0,0.2,aryl hydrocarbon receptor nuclear translocator like
C1S,ENSG00000182326,0.49711344580000005,0.49711344580000005,0.0,0.0,0.0,0.0,0.0,0.0,complement C1s
UHRF1BP1,ENSG00000065060,0.495072175025,0.495072175025,0.0,0.0,0.0,0.0,0.0,0.0,UHRF1 binding protein 1
ELL,ENSG00000105656,0.4939107337,0.4939107337,0.0,0.0,0.0,0.0,0.0,0.0,elongation factor for RNA polymerase II
RHOA,ENSG00000067560,0.49391073367500005,0.49391073367500005,0.0,0.0,0.0,0.0,0.0,0.0,ras homolog family member A
PRIM2,ENSG00000146143,0.49242929150000003,0.49242929150000003,0.0,0.0,0.0,0.0,0.0,0.0,DNA primase subunit 2
NOA1,ENSG00000084092,0.4902201659916667,0.4902201659916667,0.0,0.0,0.0,0.0,0.0,0.0,nitric oxide associated 1
FIGN,ENSG00000182263,0.4832011055027778,0.4796731055027778,0.0,0.0,0.0,0.0,0.014112,0.0,"fidgetin, microtubule severing factor"
ABO,ENSG00000175164,0.4820565541462485,0.44183029960000003,0.0,0.0,0.0,0.0,0.16090501818499386,0.0,"ABO, alpha 1-3-N-acetylgalactosaminyltransferase and alpha 1-3-galactosyltransferase"
DAB2IP,ENSG00000136848,0.48191595905,0.48191595905,0.0,0.0,0.0,0.0,0.0,0.0,DAB2 interacting protein
PLEKHG1,ENSG00000120278,0.479070028125,0.479070028125,0.0,0.0,0.0,0.0,0.0,0.0,pleckstrin homology and RhoGEF domain containing G1
SPECC1L,ENSG00000100014,0.47656209392500004,0.47656209392500004,0.0,0.0,0.0,0.0,0.0,0.0,sperm antigen with calponin homology and coiled-coil domains 1 like
STN1,ENSG00000107960,0.4758909631777778,0.4758909631777778,0.0,0.0,0.0,0.0,0.0,0.0,"STN1, CST complex subunit"
SERPINA1,ENSG00000197249,0.47007958877137185,0.463010299925,0.0,0.0,0.0,0.0,0.02827715538548753,0.0,serpin family A member 1
ZNF831,ENSG00000124203,0.46942822135,0.46942822135,0.0,0.0,0.0,0.0,0.0,0.0,zinc finger protein 831
MAD1L1,ENSG00000002822,0.46710765265277776,0.46710765265277776,0.0,0.0,0.0,0.0,0.0,0.0,mitotic arrest deficient 1 like 1
APOC1,ENSG00000130208,0.46220826833197276,0.4061960784,0.0,0.0,0.0,0.0,0.0541097093877551,0.2,apolipoprotein C1
ZNF335,ENSG00000198026,0.460302429025,0.460302429025,0.0,0.0,0.0,0.0,0.0,0.0,zinc finger protein 335
OMA1,ENSG00000162600,0.45663233350000004,0.45663233350000004,0.0,0.0,0.0,0.0,0.0,0.0,OMA1 zinc metallopeptidase
ZFPM2,ENSG00000169946,0.4548831750861111,0.4548831750861111,0.0,0.0,0.0,0.0,0.0,0.0,"zinc finger protein, FOG family member 2"
PECAM1,ENSG00000261371,0.45348113326746037,0.44294677920000003,0.0,0.0,0.0,0.0,0.04213741626984127,0.0,platelet and endothelial cell adhesion molecule 1
GIP,ENSG00000159224,0.45308865312499996,0.44907002812499996,0.0,0.0,0.0,0.0,0.016074500000000002,0.0,gastric inhibitory polypeptide
ABHD2,ENSG00000140526,0.4507993517395833,0.4466413517395833,0.0,0.0,0.0,0.0,0.016632,0.0,abhydrolase domain containing 2
CENPW,ENSG00000203760,0.45008019444722225,0.45008019444722225,0.0,0.0,0.0,0.0,0.0,0.0,centromere protein W
SVEP1,ENSG00000165124,0.448986417425,0.448986417425,0.0,0.0,0.0,0.0,0.0,0.0,"sushi, von Willebrand factor type A, EGF and pentraxin domain containing 1"
KCNJ13,ENSG00000115474,0.4464275081,0.4444010081,0.0,0.0,0.0,0.0,0.008106,0.0,potassium voltage-gated channel subfamily J member 13
EHBP1L1,ENSG00000173442,0.4444010081,0.4444010081,0.0,0.0,0.0,0.0,0.0,0.0,EH domain binding protein 1 like 1
CDC25A,ENSG00000164045,0.4443229897,0.4443229897,0.0,0.0,0.0,0.0,0.0,0.0,cell division cycle 25A
PALLD,ENSG00000129116,0.44371053340833333,0.44371053340833333,0.0,0.0,0.0,0.0,0.0,0.0,"palladin, cytoskeletal associated protein"
PRKCE,ENSG00000171132,0.43858262575,0.43858262575,0.0,0.0,0.0,0.0,0.0,0.0,protein kinase C epsilon
EXOC3L2,ENSG00000283632,0.4333333333,0.4333333333,0.0,0.0,0.0,0.0,0.0,0.0,exocyst complex component 3 like 2
C5orf67,ENSG00000225940,0.4304949505222222,0.4304949505222222,0.0,0.0,0.0,0.0,0.0,0.0,chromosome 5 open reading frame 67
RAI1,ENSG00000108557,0.4302775299,0.4190209299,0.0,0.0,0.0,0.0,0.04502640000000001,0.0,retinoic acid induced 1
ZHX3,ENSG00000174306,0.430072175075,0.430072175075,0.0,0.0,0.0,0.0,0.0,0.0,zinc fingers and homeoboxes 3
R3HDM2,ENSG00000179912,0.427972458075,0.427972458075,0.0,0.0,0.0,0.0,0.0,0.0,R3H domain containing 2
NCOA6,ENSG00000198646,0.4269553669,0.37695536690000003,0.0,0.0,0.0,0.0,0.0,0.2,nuclear receptor coactivator 6
BCAP29,ENSG00000075790,0.4248141267472222,0.4248141267472222,0.0,0.0,0.0,0.0,0.0,0.0,B cell receptor associated protein 29
CCM2,ENSG00000136280,0.42346085045,0.42339185045,0.0,0.0,0.0,0.0,0.000276,0.0,CCM2 scaffold protein
SCML4,ENSG00000146285,0.42130760030000003,0.4159176003,0.0,0.0,0.0,0.0,0.021560000000000003,0.0,Scm polycomb group protein like 4
DNAJC13,ENSG00000138246,0.41790484985000004,0.41790484985000004,0.0,0.0,0.0,0.0,0.0,0.0,DnaJ heat shock protein family (Hsp40) member C13
MAP9,ENSG00000164114,0.41666666662500007,0.41666666662500007,0.0,0.0,0.0,0.0,0.0,0.0,microtubule associated protein 9
TRPA1,ENSG00000104321,0.4134183332,0.4100343332,0.0,0.0,0.0,0.0,0.013536,0.0,transient receptor potential cation channel subfamily A member 1
ANKRD13B,ENSG00000198720,0.412658079,0.412658079,0.0,0.0,0.0,0.0,0.0,0.0,ankyrin repeat domain 13B
KCNAB1,ENSG00000169282,0.412658079,0.412658079,0.0,0.0,0.0,0.0,0.0,0.0,potassium voltage-gated channel subfamily A member regulatory beta subunit 1
TSPAN2,ENSG00000134198,0.4107656207,0.4107656207,0.0,0.0,0.0,0.0,0.0,0.0,tetraspanin 2
TENT5A,ENSG00000112773,0.40979302833333336,0.40979302833333336,0.0,0.0,0.0,0.0,0.0,0.0,terminal nucleotidyltransferase 5A
TMEM106B,ENSG00000106460,0.407489265375,0.407489265375,0.0,0.0,0.0,0.0,0.0,0.0,transmembrane protein 106B
DAGLB,ENSG00000164535,0.40362203350000003,0.40362203350000003,0.0,0.0,0.0,0.0,0.0,0.0,diacylglycerol lipase beta
HGFAC,ENSG00000109758,0.40222690045,0.40222690045,0.0,0.0,0.0,0.0,0.0,0.0,HGF activator
MORN1,ENSG00000116151,0.4,0.4,0.0,0.0,0.0,0.0,0.0,0.0,MORN repeat containing 1
CORO6,ENSG00000167549,0.3996134458,0.3996134458,0.0,0.0,0.0,0.0,0.0,0.0,coronin 6
CYP17A1,ENSG00000148795,0.3993241991917824,0.34743854868750007,0.0,0.0,0.0,0.0,0.031970316666666665,0.2,cytochrome P450 family 17 subfamily A member 1
TEX2,ENSG00000136478,0.398213167175,0.398213167175,0.0,0.0,0.0,0.0,0.0,0.0,testis expressed 2
CDKN1A,ENSG00000124762,0.3975453651798611,0.3372110308083333,0.0,0.0,0.0,0.0,0.11401000000000001,0.2,cyclin dependent kinase inhibitor 1A
DCLK2,ENSG00000170390,0.3941994339,0.3941994339,0.0,0.0,0.0,0.0,0.0,0.0,doublecortin like kinase 2
MTAP,ENSG00000099810,0.3916367626555556,0.389977132475,0.0,0.0,0.0,0.0,0.006664,0.0,methylthioadenosine phosphorylase
C9orf84,ENSG00000165181,0.39,0.39,0.0,0.0,0.0,0.0,0.0,0.0,chromosome 9 open reading frame 84
PDS5B,ENSG00000083642,0.39,0.39,0.0,0.0,0.0,0.0,0.0,0.0,PDS5 cohesin associated factor B
TDRD15,ENSG00000218819,0.3899656668,0.3899656668,0.0,0.0,0.0,0.0,0.0,0.0,tudor domain containing 15
ABCA1,ENSG00000165029,0.38885464161015965,0.33498059012500003,0.0,0.0,0.0,0.0,0.21618220188508294,0.0,ATP binding cassette subfamily A member 1
FOXC1,ENSG00000054598,0.38193820027500003,0.38193820027500003,0.0,0.0,0.0,0.0,0.0,0.0,forkhead box C1
LRP1,ENSG00000123384,0.38011085415,0.37037460415,0.0,0.0,0.0,0.0,0.038945,0.0,LDL receptor related protein 1
NAT2,ENSG00000156006,0.37879764286388895,0.37611788407222224,0.0,0.0,0.0,0.0,0.011760000000000001,0.0,N-acetyltransferase 2
KSR2,ENSG00000171435,0.37695536690000003,0.37695536690000003,0.0,0.0,0.0,0.0,0.0,0.0,kinase suppressor of ras 2
SRFBP1,ENSG00000151304,0.37640215042499997,0.37640215042499997,0.0,0.0,0.0,0.0,0.0,0.0,serum response factor binding protein 1
DDX59,ENSG00000118197,0.3751127039972222,0.3751127039972222,0.0,0.0,0.0,0.0,0.0,0.0,DEAD-box helicase 59
PLEKHA7,ENSG00000166689,0.37504575160000003,0.37504575160000003,0.0,0.0,0.0,0.0,0.0,0.0,pleckstrin homology domain containing A7
ACAA2,ENSG00000167315,0.37500000000000006,0.37500000000000006,0.0,0.0,0.0,0.0,0.0,0.0,acetyl-CoA acyltransferase 2
AGT,ENSG00000135744,0.3736017187439311,0.3592852669,0.0,0.0,0.0,0.0,0.0572658073757244,0.0,angiotensinogen
MC4R,ENSG00000166603,0.3708091111305556,0.3660822222416667,0.0,0.0,0.0,0.0,0.018907555555555552,0.0,melanocortin 4 receptor
ZNF827,ENSG00000151612,0.3703161579,0.3703161579,0.0,0.0,0.0,0.0,0.0,0.0,zinc finger protein 827
ARHGAP15,ENSG00000075884,0.370011437875,0.370011437875,0.0,0.0,0.0,0.0,0.0,0.0,Rho GTPase activating protein 15
SLC2A12,ENSG00000146411,0.3683333333,0.3683333333,0.0,0.0,0.0,0.0,0.0,0.0,solute carrier family 2 member 12
SKI,ENSG00000157933,0.36790484985,0.36790484985,0.0,0.0,0.0,0.0,0.0,0.0,SKI proto-oncogene
RAB23,ENSG00000112210,0.36666666670000003,0.36666666670000003,0.0,0.0,0.0,0.0,0.0,0.0,"RAB23, member RAS oncogene family"
KANK2,ENSG00000197256,0.3592852669,0.3592852669,0.0,0.0,0.0,0.0,0.0,0.0,KN motif and ankyrin repeat domains 2
CCDC92,ENSG00000119242,0.3592852669,0.3592852669,0.0,0.0,0.0,0.0,0.0,0.0,coiled-coil domain containing 92
OAZ2,ENSG00000180304,0.35822452788611114,0.35822452788611114,0.0,0.0,0.0,0.0,0.0,0.0,ornithine decarboxylase antizyme 2
LIPG,ENSG00000101670,0.3572566556589506,0.2659519335,0.0,0.0,0.0,0.0,0.05441805055555556,0.2847222222222222,"lipase G, endothelial type"
QRICH1,ENSG00000198218,0.3562801125,0.3562801125,0.0,0.0,0.0,0.0,0.0,0.0,glutamine rich 1
KAT2A,ENSG00000108773,0.35337908490000003,0.35337908490000003,0.0,0.0,0.0,0.0,0.0,0.0,lysine acetyltransferase 2A
MAST4,ENSG00000069020,0.352027541925,0.352027541925,0.0,0.0,0.0,0.0,0.0,0.0,microtubule associated serine/threonine kinase family member 4
UNC5C,ENSG00000182168,0.3508661006,0.3508661006,0.0,0.0,0.0,0.0,0.0,0.0,unc-5 netrin receptor C
MSL2,ENSG00000174579,0.3466666667,0.3466666667,0.0,0.0,0.0,0.0,0.0,0.0,MSL complex subunit 2
FOXA3,ENSG00000170608,0.3466666667,0.3466666667,0.0,0.0,0.0,0.0,0.0,0.0,forkhead box A3
REST,ENSG00000084093,0.3466666667,0.3466666667,0.0,0.0,0.0,0.0,0.0,0.0,RE1 silencing transcription factor
ST3GAL4,ENSG00000110080,0.34224406700000004,0.34224406700000004,0.0,0.0,0.0,0.0,0.0,0.0,"ST3 beta-galactoside alpha-2,3-sialyltransferase 4"
IRS1,ENSG00000169047,0.34071136780781053,0.2899656668,0.0,0.0,0.0,0.0,0.03681630907029478,0.18662,insulin receptor substrate 1
MYH11,ENSG00000133392,0.33854033925,0.33854033925,0.0,0.0,0.0,0.0,0.0,0.0,myosin heavy chain 11
GALNT2,ENSG00000143641,0.338502850225,0.338502850225,0.0,0.0,0.0,0.0,0.0,0.0,polypeptide N-acetylgalactosaminyltransferase 2
HDAC9,ENSG00000048052,0.3337709553888889,0.3163779665,0.0,0.0,0.0,0.0,0.06957195555555556,0.0,histone deacetylase 9
SOX6,ENSG00000110693,0.3336220335,0.3336220335,0.0,0.0,0.0,0.0,0.0,0.0,SRY-box 6
NR2F2,ENSG00000185551,0.333333333375,0.333333333375,0.0,0.0,0.0,0.0,0.0,0.0,nuclear receptor subfamily 2 group F member 2
MRTFA,ENSG00000196588,0.3329564123,0.3259914123,0.0,0.0,0.0,0.0,0.027860000000000003,0.0,myocardin related transcription factor A
CALCRL,ENSG00000064989,0.3315873749,0.3315873749,0.0,0.0,0.0,0.0,0.0,0.0,calcitonin receptor like receptor
COPRS,ENSG00000172301,0.330824750075,0.330824750075,0.0,0.0,0.0,0.0,0.0,0.0,coordinator of PRMT5 and differentiation stimulator
NPC1,ENSG00000141458,0.33073316802222225,0.2696134458,0.0,0.0,0.0,0.0,0.1000775,0.2,NPC intracellular cholesterol transporter 1
CCNL1,ENSG00000163660,0.32935732289999997,0.32935732289999997,0.0,0.0,0.0,0.0,0.0,0.0,cyclin L1
CWF19L2,ENSG00000152404,0.3288020162,0.3288020162,0.0,0.0,0.0,0.0,0.0,0.0,CWF19 like cell cycle control factor 2
PLCL1,ENSG00000115896,0.3266830001,0.3232990001,0.0,0.0,0.0,0.0,0.013536,0.0,phospholipase C like 1 (inactive)
FBF1,ENSG00000188878,0.3266666667,0.3266666667,0.0,0.0,0.0,0.0,0.0,0.0,Fas binding factor 1
CD300LF,ENSG00000186074,0.3266666667,0.3266666667,0.0,0.0,0.0,0.0,0.0,0.0,CD300 molecule like family member f
PDLIM5,ENSG00000163110,0.3266666667,0.3266666667,0.0,0.0,0.0,0.0,0.0,0.0,PDZ and LIM domain 5
SUSD2,ENSG00000099994,0.3266666667,0.3266666667,0.0,0.0,0.0,0.0,0.0,0.0,sushi domain containing 2
HSD17B12,ENSG00000149084,0.325000000025,0.325000000025,0.0,0.0,0.0,0.0,0.0,0.0,hydroxysteroid 17-beta dehydrogenase 12
CFTR,ENSG00000001626,0.3242034004,0.3205774004,0.0,0.0,0.0,0.0,0.014504,0.0,cystic fibrosis transmembrane conductance regulator
CDKN2A,ENSG00000147889,0.3232185583,0.3073949583,0.0,0.0,0.0,0.0,0.0632944,0.0,cyclin dependent kinase inhibitor 2A
SMAD7,ENSG00000101665,0.32079041687500004,0.32079041687500004,0.0,0.0,0.0,0.0,0.0,0.0,SMAD family member 7
ASZ1,ENSG00000154438,0.3205774004,0.3205774004,0.0,0.0,0.0,0.0,0.0,0.0,"ankyrin repeat, SAM and basic leucine zipper domain containing 1"
EML1,ENSG00000066629,0.3205774004,0.3205774004,0.0,0.0,0.0,0.0,0.0,0.0,echinoderm microtubule associated protein like 1
ARID4A,ENSG00000032219,0.3205774004,0.3205774004,0.0,0.0,0.0,0.0,0.0,0.0,AT-rich interaction domain 4A
PTK7,ENSG00000112655,0.32034677920000004,0.3129467792,0.0,0.0,0.0,0.0,0.0296,0.0,protein tyrosine kinase 7 (inactive)
CTR9,ENSG00000198730,0.3194557915,0.3174292915,0.0,0.0,0.0,0.0,0.008106,0.0,"CTR9 homolog, Paf1/RNA polymerase II complex component"
FKBP5,ENSG00000096060,0.3163779665,0.3163779665,0.0,0.0,0.0,0.0,0.0,0.0,FK506 binding protein 5
BMPR1B,ENSG00000138696,0.31471799205,0.31471799205,0.0,0.0,0.0,0.0,0.0,0.0,bone morphogenetic protein receptor type 1B
C12orf43,ENSG00000157895,0.3140238002,0.3079588002,0.0,0.0,0.0,0.0,0.02426,0.0,chromosome 12 open reading frame 43
KIAA1217,ENSG00000120549,0.31004575160000003,0.31004575160000003,0.0,0.0,0.0,0.0,0.0,0.0,KIAA1217
MYO9B,ENSG00000099331,0.31004575160000003,0.31004575160000003,0.0,0.0,0.0,0.0,0.0,0.0,myosin IXB
HHAT,ENSG00000054392,0.30947727055,0.30947727055,0.0,0.0,0.0,0.0,0.0,0.0,hedgehog acyltransferase
OSM,ENSG00000099985,0.30850441632500003,0.293191916325,0.0,0.0,0.0,0.0,0.06125,0.0,oncostatin M
NUDT5,ENSG00000165609,0.3073949583,0.3073949583,0.0,0.0,0.0,0.0,0.0,0.0,nudix hydrolase 5
EDN1,ENSG00000078401,0.3049704318994019,0.2902887002,0.0,0.0,0.0,0.0,0.05872692679760733,0.0,endothelin 1
COL6A3,ENSG00000163359,0.30407879155,0.30407879155,0.0,0.0,0.0,0.0,0.0,0.0,collagen type VI alpha 3 chain
KCNH7,ENSG00000184611,0.3033333333,0.3033333333,0.0,0.0,0.0,0.0,0.0,0.0,potassium voltage-gated channel subfamily H member 7
SNRPD2,ENSG00000125743,0.3009151498,0.3009151498,0.0,0.0,0.0,0.0,0.0,0.0,small nuclear ribonucleoprotein D2 polypeptide
GIPR,ENSG00000010310,0.3009151498,0.3009151498,0.0,0.0,0.0,0.0,0.0,0.0,gastric inhibitory polypeptide receptor
TCF7L2,ENSG00000148737,0.295258332675,0.2696134458,0.0,0.0,0.0,0.0,0.1025795475,0.0,transcription factor 7 like 2
ARL15,ENSG00000185305,0.2928942002,0.2902887002,0.0,0.0,0.0,0.0,0.010421999999999999,0.0,ADP ribosylation factor like GTPase 15
RRP1B,ENSG00000160208,0.2902887002,0.2902887002,0.0,0.0,0.0,0.0,0.0,0.0,ribosomal RNA processing 1B
SCAF11,ENSG00000139218,0.2902887002,0.2902887002,0.0,0.0,0.0,0.0,0.0,0.0,SR-related CTD associated factor 11
SELENOI,ENSG00000138018,0.2902887002,0.2902887002,0.0,0.0,0.0,0.0,0.0,0.0,selenoprotein I
GGT7,ENSG00000131067,0.2902887002,0.2902887002,0.0,0.0,0.0,0.0,0.0,0.0,gamma-glutamyltransferase 7
TEK,ENSG00000120156,0.2902887002,0.2902887002,0.0,0.0,0.0,0.0,0.0,0.0,TEK receptor tyrosine kinase
FHL5,ENSG00000112214,0.2902887002,0.2902887002,0.0,0.0,0.0,0.0,0.0,0.0,four and a half LIM domains 5
PRKG1,ENSG00000185532,0.2859797456,0.2393247456,0.0,0.0,0.0,0.0,0.0,0.18662,protein kinase cGMP-dependent 1
RAC1,ENSG00000136238,0.28534600000000004,0.28,0.0,0.0,0.0,0.0,0.021384,0.0,Rac family small GTPase 1
TBX20,ENSG00000164532,0.282658079,0.282658079,0.0,0.0,0.0,0.0,0.0,0.0,T-box 20
CENPO,ENSG00000138092,0.282658079,0.282658079,0.0,0.0,0.0,0.0,0.0,0.0,centromere protein O
BDNF,ENSG00000176697,0.28169043023959545,0.2393247456,0.0,0.0,0.0,0.0,0.16946273855838173,0.0,brain derived neurotrophic factor
EIF2B2,ENSG00000119718,0.2799313336,0.2799313336,0.0,0.0,0.0,0.0,0.0,0.0,eukaryotic translation initiation factor 2B subunit beta
NME7,ENSG00000143156,0.27724406700000004,0.27724406700000004,0.0,0.0,0.0,0.0,0.0,0.0,NME/NM23 family member 7
NEDD9,ENSG00000111859,0.27724406700000004,0.27724406700000004,0.0,0.0,0.0,0.0,0.0,0.0,"neural precursor cell expressed, developmentally down-regulated 9"
THADA,ENSG00000115970,0.27494062013125,0.27494062013125,0.0,0.0,0.0,0.0,0.0,0.0,"THADA, armadillo repeat containing"
AKAP13,ENSG00000170776,0.2731594458,0.2696134458,0.0,0.0,0.0,0.0,0.014183999999999999,0.0,A-kinase anchoring protein 13
HNRNPM,ENSG00000099783,0.2730446331,0.2730446331,0.0,0.0,0.0,0.0,0.0,0.0,heterogeneous nuclear ribonucleoprotein M
VAT1,ENSG00000108828,0.2696134458,0.2696134458,0.0,0.0,0.0,0.0,0.0,0.0,vesicle amine transport 1
ACTRT2,ENSG00000169717,0.2679588002,0.2679588002,0.0,0.0,0.0,0.0,0.0,0.0,actin related protein T2
DYNC2LI1,ENSG00000138036,0.2679588002,0.2679588002,0.0,0.0,0.0,0.0,0.0,0.0,dynein cytoplasmic 2 light intermediate chain 1
ITPKA,ENSG00000137825,0.2679588002,0.2679588002,0.0,0.0,0.0,0.0,0.0,0.0,inositol-trisphosphate 3-kinase A
STOML1,ENSG00000067221,0.26671241830000003,0.26671241830000003,0.0,0.0,0.0,0.0,0.0,0.0,stomatin like 1
PRDM6,ENSG00000061455,0.26671241830000003,0.26671241830000003,0.0,0.0,0.0,0.0,0.0,0.0,PR/SET domain 6
FAM240A,ENSG00000283473,0.2666666667,0.2666666667,0.0,0.0,0.0,0.0,0.0,0.0,family with sequence similarity 240 member A
ARL4C,ENSG00000188042,0.2666666667,0.2666666667,0.0,0.0,0.0,0.0,0.0,0.0,ADP ribosylation factor like GTPase 4C
NR2C1,ENSG00000120798,0.2666666667,0.2666666667,0.0,0.0,0.0,0.0,0.0,0.0,nuclear receptor subfamily 2 group C member 1
COG5,ENSG00000164597,0.2627053794,0.2627053794,0.0,0.0,0.0,0.0,0.0,0.0,component of oligomeric golgi complex 5
CTAGE1,ENSG00000212710,0.26075608370000003,0.26075608370000003,0.0,0.0,0.0,0.0,0.0,0.0,cutaneous T cell lymphoma-associated antigen 1
IGF2BP1,ENSG00000159217,0.26,0.26,0.0,0.0,0.0,0.0,0.0,0.0,insulin like growth factor 2 mRNA binding protein 1
DOK3,ENSG00000146094,0.26,0.26,0.0,0.0,0.0,0.0,0.0,0.0,docking protein 3
RRBP1,ENSG00000125844,0.26,0.26,0.0,0.0,0.0,0.0,0.0,0.0,ribosome binding protein 1
ABCC10,ENSG00000124574,0.26,0.26,0.0,0.0,0.0,0.0,0.0,0.0,ATP binding cassette subfamily C member 10
TENT4A,ENSG00000112941,0.26,0.26,0.0,0.0,0.0,0.0,0.0,0.0,terminal nucleotidyltransferase 4A
TSPAN9,ENSG00000011105,0.26,0.26,0.0,0.0,0.0,0.0,0.0,0.0,tetraspanin 9
HIVEP2,ENSG00000010818,0.26,0.26,0.0,0.0,0.0,0.0,0.0,0.0,human immunodeficiency virus type I enhancer binding protein 2
INHBC,ENSG00000175189,0.2577343414,0.2577343414,0.0,0.0,0.0,0.0,0.0,0.0,inhibin subunit beta C
SETD9,ENSG00000155542,0.25663233350000003,0.25663233350000003,0.0,0.0,0.0,0.0,0.0,0.0,SET domain containing 9
PREX1,ENSG00000124126,0.25663233350000003,0.25663233350000003,0.0,0.0,0.0,0.0,0.0,0.0,"phosphatidylinositol-3,4,5-trisphosphate dependent Rac exchange factor 1"
SAYSD1,ENSG00000112167,0.25663233350000003,0.25663233350000003,0.0,0.0,0.0,0.0,0.0,0.0,SAYSVFN motif domain containing 1
MIR4788,ENSG00000284561,0.2520411998,0.2520411998,0.0,0.0,0.0,0.0,0.0,0.0,microRNA 4788
CDKN2B-AS1,ENSG00000240498,0.24967537086041208,0.24967537086041208,0.0,0.0,0.0,0.0,0.0,0.0,CDKN2B antisense RNA 1
C1GALT1,ENSG00000106392,0.24935271285,0.24935271285,0.0,0.0,0.0,0.0,0.0,0.0,"core 1 synthase, glycoprotein-N-acetylgalactosamine 3-beta-galactosyltransferase 1"
APOH,ENSG00000091583,0.24913844794693876,0.2378558006,0.0,0.0,0.0,0.0,0.0451305893877551,0.0,apolipoprotein H
GIGYF2,ENSG00000204120,0.2469553669,0.2469553669,0.0,0.0,0.0,0.0,0.0,0.0,GRB10 interacting GYF protein 2
CNPY4,ENSG00000166997,0.2469553669,0.2469553669,0.0,0.0,0.0,0.0,0.0,0.0,canopy FGF signaling regulator 4
DOCK5,ENSG00000147459,0.2469553669,0.2469553669,0.0,0.0,0.0,0.0,0.0,0.0,dedicator of cytokinesis 5
VWDE,ENSG00000146530,0.2469553669,0.2469553669,0.0,0.0,0.0,0.0,0.0,0.0,von Willebrand factor D and EGF domains
ABCA8,ENSG00000141338,0.2469553669,0.2469553669,0.0,0.0,0.0,0.0,0.0,0.0,ATP binding cassette subfamily A member 8
PPHLN1,ENSG00000134283,0.2469553669,0.2469553669,0.0,0.0,0.0,0.0,0.0,0.0,periphilin 1
ZBTB46,ENSG00000130584,0.2469553669,0.2469553669,0.0,0.0,0.0,0.0,0.0,0.0,zinc finger and BTB domain containing 46
SMAD9,ENSG00000120693,0.2469553669,0.2469553669,0.0,0.0,0.0,0.0,0.0,0.0,SMAD family member 9
PKN2,ENSG00000065243,0.2469553669,0.2469553669,0.0,0.0,0.0,0.0,0.0,0.0,protein kinase N2
IL1F10,ENSG00000136697,0.244335647175,0.244335647175,0.0,0.0,0.0,0.0,0.0,0.0,interleukin 1 family member 10
GUK1,ENSG00000143774,0.2438764005,0.2438764005,0.0,0.0,0.0,0.0,0.0,0.0,guanylate kinase 1
CARS2,ENSG00000134905,0.2433676665,0.2433676665,0.0,0.0,0.0,0.0,0.0,0.0,"cysteinyl-tRNA synthetase 2, mitochondrial"
CEP120,ENSG00000168944,0.2407282917,0.2407282917,0.0,0.0,0.0,0.0,0.0,0.0,centrosomal protein 120
ETV1,ENSG00000006468,0.24038794559999999,0.2393247456,0.0,0.0,0.0,0.0,0.0042528,0.0,ETS variant 1
SPATA2,ENSG00000158480,0.24,0.24,0.0,0.0,0.0,0.0,0.0,0.0,spermatogenesis associated 2
AC058822.1,ENSG00000282278,0.2393247456,0.2393247456,0.0,0.0,0.0,0.0,0.0,0.0,
PKD1L3,ENSG00000277481,0.2393247456,0.2393247456,0.0,0.0,0.0,0.0,0.0,0.0,"polycystin 1 like 3, transient receptor potential channel interacting"
TTC39B,ENSG00000155158,0.2393247456,0.2393247456,0.0,0.0,0.0,0.0,0.0,0.0,tetratricopeptide repeat domain 39B
LOXL1,ENSG00000129038,0.2393247456,0.2393247456,0.0,0.0,0.0,0.0,0.0,0.0,lysyl oxidase like 1
AHDC1,ENSG00000126705,0.2393247456,0.2393247456,0.0,0.0,0.0,0.0,0.0,0.0,AT-hook DNA binding motif containing 1
PKD2L1,ENSG00000107593,0.2393247456,0.2393247456,0.0,0.0,0.0,0.0,0.0,0.0,"polycystin 2 like 1, transient receptor potential cation channel"
NRP1,ENSG00000099250,0.2393247456,0.2393247456,0.0,0.0,0.0,0.0,0.0,0.0,neuropilin 1
ARHGEF12,ENSG00000196914,0.2339107337,0.2339107337,0.0,0.0,0.0,0.0,0.0,0.0,Rho guanine nucleotide exchange factor 12
EFCAB13,ENSG00000178852,0.2339107337,0.2339107337,0.0,0.0,0.0,0.0,0.0,0.0,EF-hand calcium binding domain 13
USP43,ENSG00000154914,0.2339107337,0.2339107337,0.0,0.0,0.0,0.0,0.0,0.0,ubiquitin specific peptidase 43
NFIB,ENSG00000147862,0.2339107337,0.2339107337,0.0,0.0,0.0,0.0,0.0,0.0,nuclear factor I B
ZNF787,ENSG00000142409,0.2339107337,0.2339107337,0.0,0.0,0.0,0.0,0.0,0.0,zinc finger protein 787
EXOC6,ENSG00000138190,0.2339107337,0.2339107337,0.0,0.0,0.0,0.0,0.0,0.0,exocyst complex component 6
WDR33,ENSG00000136709,0.2339107337,0.2339107337,0.0,0.0,0.0,0.0,0.0,0.0,WD repeat domain 33
EHBP1,ENSG00000115504,0.2339107337,0.2339107337,0.0,0.0,0.0,0.0,0.0,0.0,EH domain binding protein 1
FBXL20,ENSG00000108306,0.2339107337,0.2339107337,0.0,0.0,0.0,0.0,0.0,0.0,F-box and leucine rich repeat protein 20
LYRM2,ENSG00000083099,0.2339107337,0.2339107337,0.0,0.0,0.0,0.0,0.0,0.0,LYR motif containing 2
TBXAS1,ENSG00000059377,0.2339107337,0.2339107337,0.0,0.0,0.0,0.0,0.0,0.0,thromboxane A synthase 1
SUMO4,ENSG00000177688,0.2299703987,0.2051633987,0.0,0.0,0.0,0.0,0.09922800000000001,0.0,small ubiquitin-like modifier 4
XKR4,ENSG00000206579,0.22971129980000002,0.22971129980000002,0.0,0.0,0.0,0.0,0.0,0.0,XK related 4
FNDC1,ENSG00000164694,0.22971129980000002,0.22971129980000002,0.0,0.0,0.0,0.0,0.0,0.0,fibronectin type III domain containing 1
HSF2BP,ENSG00000160207,0.22971129980000002,0.22971129980000002,0.0,0.0,0.0,0.0,0.0,0.0,heat shock transcription factor 2 binding protein
PPFIA1,ENSG00000131626,0.2279588002,0.2279588002,0.0,0.0,0.0,0.0,0.0,0.0,PTPRF interacting protein alpha 1
AKAP12,ENSG00000131016,0.2279588002,0.2279588002,0.0,0.0,0.0,0.0,0.0,0.0,A-kinase anchoring protein 12
IGF2BP2,ENSG00000073792,0.22726011250000003,0.22628011250000002,0.0,0.0,0.0,0.0,0.003920000000000001,0.0,insulin like growth factor 2 mRNA binding protein 2
MAP4,ENSG00000047849,0.2271990001,0.2232990001,0.0,0.0,0.0,0.0,0.015600000000000001,0.0,microtubule associated protein 4
DPYD,ENSG00000188641,0.22628011250000002,0.22628011250000002,0.0,0.0,0.0,0.0,0.0,0.0,dihydropyrimidine dehydrogenase
DENND5A,ENSG00000184014,0.22628011250000002,0.22628011250000002,0.0,0.0,0.0,0.0,0.0,0.0,DENN domain containing 5A
GDPD5,ENSG00000158555,0.22628011250000002,0.22628011250000002,0.0,0.0,0.0,0.0,0.0,0.0,glycerophosphodiester phosphodiesterase domain containing 5
PGPEP1,ENSG00000130517,0.22628011250000002,0.22628011250000002,0.0,0.0,0.0,0.0,0.0,0.0,pyroglutamyl-peptidase I
SLC27A6,ENSG00000113396,0.22628011250000002,0.22628011250000002,0.0,0.0,0.0,0.0,0.0,0.0,solute carrier family 27 member 6
RSBN1,ENSG00000081019,0.22628011250000002,0.22628011250000002,0.0,0.0,0.0,0.0,0.0,0.0,round spermatid basic protein 1
SLC25A21,ENSG00000183032,0.2233790849,0.2233790849,0.0,0.0,0.0,0.0,0.0,0.0,solute carrier family 25 member 21
COL4A4,ENSG00000081052,0.2233790849,0.2233790849,0.0,0.0,0.0,0.0,0.0,0.0,collagen type IV alpha 4 chain
CARMIL1,ENSG00000079691,0.2233790849,0.2233790849,0.0,0.0,0.0,0.0,0.0,0.0,capping protein regulator and myosin 1 linker 1
NREP,ENSG00000134986,0.2232990001,0.2232990001,0.0,0.0,0.0,0.0,0.0,0.0,neuronal regeneration related protein
MPDZ,ENSG00000107186,0.2232990001,0.2232990001,0.0,0.0,0.0,0.0,0.0,0.0,multiple PDZ domain crumbs cell polarity complex component
TRPC4AP,ENSG00000100991,0.2232990001,0.2232990001,0.0,0.0,0.0,0.0,0.0,0.0,transient receptor potential cation channel subfamily C member 4 associated protein
MERTK,ENSG00000153208,0.22091514980000002,0.22091514980000002,0.0,0.0,0.0,0.0,0.0,0.0,"MER proto-oncogene, tyrosine kinase"
MPHOSPH10,ENSG00000124383,0.22091514980000002,0.22091514980000002,0.0,0.0,0.0,0.0,0.0,0.0,M-phase phosphoprotein 10
IFT140,ENSG00000187535,0.2208661006,0.2208661006,0.0,0.0,0.0,0.0,0.0,0.0,intraflagellar transport 140
CSNK1G2,ENSG00000133275,0.2208661006,0.2208661006,0.0,0.0,0.0,0.0,0.0,0.0,casein kinase 1 gamma 2
TMEM204,ENSG00000131634,0.2208661006,0.2208661006,0.0,0.0,0.0,0.0,0.0,0.0,transmembrane protein 204
PRKD2,ENSG00000105287,0.2208661006,0.2208661006,0.0,0.0,0.0,0.0,0.0,0.0,protein kinase D2
BTBD11,ENSG00000151136,0.2186494913,0.2186494913,0.0,0.0,0.0,0.0,0.0,0.0,BTB domain containing 11
RAPGEF2,ENSG00000109756,0.2186494913,0.2186494913,0.0,0.0,0.0,0.0,0.0,0.0,Rap guanine nucleotide exchange factor 2
ZFP36L2,ENSG00000152518,0.2174292915,0.2174292915,0.0,0.0,0.0,0.0,0.0,0.0,ZFP36 ring finger protein like 2
INO80,ENSG00000128908,0.2174292915,0.2174292915,0.0,0.0,0.0,0.0,0.0,0.0,INO80 complex subunit
TULP1,ENSG00000112041,0.2174292915,0.2174292915,0.0,0.0,0.0,0.0,0.0,0.0,tubby like protein 1
ARID1B,ENSG00000049618,0.2174292915,0.2174292915,0.0,0.0,0.0,0.0,0.0,0.0,AT-rich interaction domain 1B
MMP13,ENSG00000137745,0.2146225832,0.2100343332,0.0,0.0,0.0,0.0,0.018353,0.0,matrix metallopeptidase 13
EFNA5,ENSG00000184349,0.21326466700000002,0.21326466700000002,0.0,0.0,0.0,0.0,0.0,0.0,ephrin A5
TET2,ENSG00000168769,0.21326466700000002,0.21326466700000002,0.0,0.0,0.0,0.0,0.0,0.0,tet methylcytosine dioxygenase 2
CEP63,ENSG00000182923,0.2100343332,0.2100343332,0.0,0.0,0.0,0.0,0.0,0.0,centrosomal protein 63
WDR11,ENSG00000120008,0.2100343332,0.2100343332,0.0,0.0,0.0,0.0,0.0,0.0,WD repeat domain 11
MAP3K4,ENSG00000085511,0.2100343332,0.2100343332,0.0,0.0,0.0,0.0,0.0,0.0,mitogen-activated protein kinase kinase kinase 4
FOXL1,ENSG00000176678,0.2032303338,0.2032303338,0.0,0.0,0.0,0.0,0.0,0.0,forkhead box L1
ACTR2,ENSG00000138071,0.2032303338,0.2032303338,0.0,0.0,0.0,0.0,0.0,0.0,ARP2 actin related protein 2 homolog
PPP2R2A,ENSG00000221914,0.20152524970000002,0.20152524970000002,0.0,0.0,0.0,0.0,0.0,0.0,protein phosphatase 2 regulatory subunit Balpha
ANKRD50,ENSG00000151458,0.20152524970000002,0.20152524970000002,0.0,0.0,0.0,0.0,0.0,0.0,ankyrin repeat domain 50
CXCR4,ENSG00000121966,0.20097953072308483,0.1799313336,0.0,0.0,0.0,0.0,0.0841927884923394,0.0,C-X-C motif chemokine receptor 4
MTRNR2L7,ENSG00000256892,0.2,0.2,0.0,0.0,0.0,0.0,0.0,0.0,MT-RNR2 like 7
PKHD1,ENSG00000170927,0.2,0.2,0.0,0.0,0.0,0.0,0.0,0.0,"PKHD1, fibrocystin/polyductin"
GEM,ENSG00000164949,0.2,0.2,0.0,0.0,0.0,0.0,0.0,0.0,GTP binding protein overexpressed in skeletal muscle
FDX1,ENSG00000137714,0.2,0.2,0.0,0.0,0.0,0.0,0.0,0.0,ferredoxin 1
KLF14,ENSG00000266265,0.18996566680000002,0.18996566680000002,0.0,0.0,0.0,0.0,0.0,0.0,Kruppel like factor 14
MDFIC2,ENSG00000242120,0.18996566680000002,0.18996566680000002,0.0,0.0,0.0,0.0,0.0,0.0,MyoD family inhibitor domain containing 2
ZBTB20,ENSG00000181722,0.18996566680000002,0.18996566680000002,0.0,0.0,0.0,0.0,0.0,0.0,zinc finger and BTB domain containing 20
SOX11,ENSG00000176887,0.18996566680000002,0.18996566680000002,0.0,0.0,0.0,0.0,0.0,0.0,SRY-box 11
CD3D,ENSG00000167286,0.18996566680000002,0.18996566680000002,0.0,0.0,0.0,0.0,0.0,0.0,CD3d molecule
CKB,ENSG00000166165,0.18996566680000002,0.18996566680000002,0.0,0.0,0.0,0.0,0.0,0.0,creatine kinase B
ZC3H12A,ENSG00000163874,0.18996566680000002,0.18996566680000002,0.0,0.0,0.0,0.0,0.0,0.0,zinc finger CCCH-type containing 12A
WNT9B,ENSG00000158955,0.18996566680000002,0.18996566680000002,0.0,0.0,0.0,0.0,0.0,0.0,Wnt family member 9B
PLCE1,ENSG00000138193,0.18996566680000002,0.18996566680000002,0.0,0.0,0.0,0.0,0.0,0.0,phospholipase C epsilon 1
AC119674.2,ENSG00000284686,0.18409595820000002,0.18409595820000002,0.0,0.0,0.0,0.0,0.0,0.0,
SLC46A3,ENSG00000139508,0.18409595820000002,0.18409595820000002,0.0,0.0,0.0,0.0,0.0,0.0,solute carrier family 46 member 3
UBE2W,ENSG00000104343,0.18409595820000002,0.18409595820000002,0.0,0.0,0.0,0.0,0.0,0.0,ubiquitin conjugating enzyme E2 W
JMJD1C,ENSG00000171988,0.18369333359999998,0.1799313336,0.0,0.0,0.0,0.0,0.015047999999999999,0.0,jumonji domain containing 1C
MCTP2,ENSG00000140563,0.18035706275,0.18035706275,0.0,0.0,0.0,0.0,0.0,0.0,multiple C2 and transmembrane domain containing 2
MACC1,ENSG00000183742,0.1799313336,0.1799313336,0.0,0.0,0.0,0.0,0.0,0.0,MET transcriptional regulator MACC1
TOPAZ1,ENSG00000173769,0.1799313336,0.1799313336,0.0,0.0,0.0,0.0,0.0,0.0,testis and ovary specific PAZ domain containing 1
ANP32B,ENSG00000136938,0.1799313336,0.1799313336,0.0,0.0,0.0,0.0,0.0,0.0,acidic nuclear phosphoprotein 32 family member B
KHDRBS2,ENSG00000112232,0.1799313336,0.1799313336,0.0,0.0,0.0,0.0,0.0,0.0,"KH RNA binding domain containing, signal transduction associated 2"
PSAP,ENSG00000197746,0.174061625,0.174061625,0.0,0.0,0.0,0.0,0.0,0.0,prosaposin
ADAMTS9,ENSG00000163638,0.174061625,0.174061625,0.0,0.0,0.0,0.0,0.0,0.0,ADAM metallopeptidase with thrombospondin type 1 motif 9
OTUD7B,ENSG00000264522,0.1718300653,0.1718300653,0.0,0.0,0.0,0.0,0.0,0.0,OTU deubiquitinase 7B
LIN9,ENSG00000183814,0.1718300653,0.1718300653,0.0,0.0,0.0,0.0,0.0,0.0,lin-9 DREAM MuvB core complex component
ERG,ENSG00000157554,0.1718300653,0.1718300653,0.0,0.0,0.0,0.0,0.0,0.0,ETS transcription factor ERG
BCL11A,ENSG00000119866,0.1718300653,0.1718300653,0.0,0.0,0.0,0.0,0.0,0.0,B cell CLL/lymphoma 11A
PIK3CG,ENSG00000105851,0.1718300653,0.1718300653,0.0,0.0,0.0,0.0,0.0,0.0,"phosphatidylinositol-4,5-bisphosphate 3-kinase catalytic subunit gamma"
CLTCL1,ENSG00000070371,0.1718300653,0.1718300653,0.0,0.0,0.0,0.0,0.0,0.0,clathrin heavy chain like 1
TRIM64C,ENSG00000214891,0.1698970004,0.1698970004,0.0,0.0,0.0,0.0,0.0,0.0,tripartite motif containing 64C
ADGRL2,ENSG00000117114,0.1698970004,0.1698970004,0.0,0.0,0.0,0.0,0.0,0.0,adhesion G protein-coupled receptor L2
LDLRAD2,ENSG00000187942,0.1681919164,0.1681919164,0.0,0.0,0.0,0.0,0.0,0.0,low density lipoprotein receptor class A domain containing 2
DOCK7,ENSG00000116641,0.1428022581,0.0002490324,0.0,0.0,0.0,0.0,0.14274,0.0,dedicator of cytokinesis 7
MTHFR,ENSG00000177000,0.1393460516566498,0.00740518095,0.0,0.0,0.0,0.0,0.1374947564191498,0.0,methylenetetrahydrofolate reductase
TNFRSF11B,ENSG00000164761,0.137628314584543,0.0001130844,0.0,0.0,0.0,0.0,0.137600043484543,0.0,TNF receptor superfamily member 11b
CXCL12,ENSG00000107562,0.12097781921637023,0.009814348375,0.0,0.0,0.0,0.0,0.11852423212262023,0.0,C-X-C motif chemokine ligand 12
KCNH2,ENSG00000055118,0.09394109705555556,0.0028358735,0.0,0.09,0.0,0.0,0.014504,0.0,potassium voltage-gated channel subfamily H member 2
RNF39,ENSG00000204618,0.0834220784,0.0766900784,0.0,0.0,0.0,0.0,0.026927999999999997,0.0,ring finger protein 39
IL13,ENSG00000169194,0.06476587518333334,0.0007166474000000001,0.0,0.0,0.0,0.0,0.06458671333333334,0.0,interleukin 13
CYP1A1,ENSG00000140465,0.0626744783663111,0.00222278775,0.0,0.0,0.0,0.0,0.062118781428811096,0.0,cytochrome P450 family 1 subfamily A member 1
CDK5RAP1,ENSG00000101391,0.05227405950833333,0.05227405950833333,0.0,0.0,0.0,0.0,0.0,0.0,CDK5 regulatory subunit associated protein 1
KNG1,ENSG00000113889,0.051118966675,0.0014518667,0.0,0.0,0.0,0.0,0.050756,0.0,kininogen 1
SREBF1,ENSG00000072310,0.04914879144999999,0.0041471658,0.0,0.0,0.0,0.0,0.048111999999999995,0.0,sterol regulatory element binding transcription factor 1
IL5,ENSG00000113525,0.04666138122777778,0.009676593800000001,0.0,0.0,0.0,0.0,0.04424223277777778,0.0,interleukin 5
PHLPP1,ENSG00000081913,0.045878627400000004,0.045878627400000004,0.0,0.0,0.0,0.0,0.0,0.0,PH domain and leucine rich repeat protein phosphatase 1
HFE,ENSG00000010704,0.043805159425000004,0.0009846377,0.0,0.0,0.0,0.0,0.043559,0.0,homeostatic iron regulator
RAB37,ENSG00000172794,0.0401806804,0.0401806804,0.0,0.0,0.0,0.0,0.0,0.0,"RAB37, member RAS oncogene family"
TF,ENSG00000091513,0.03686266364656679,0.0023653498,0.0,0.0,0.0,0.0,0.03627132619656679,0.0,transferrin
CTLA4,ENSG00000163599,0.035362676172222225,0.01541070468888889,0.0,0.0,0.0,0.0,0.03151,0.0,cytotoxic T-lymphocyte associated protein 4
ITGAM,ENSG00000169896,0.035209877475,0.0023355099000000002,0.0,0.0,0.0,0.0,0.034626,0.0,integrin subunit alpha M
CD86,ENSG00000114013,0.03418529113055556,0.004936164522222223,0.0,0.0,0.0,0.0,0.03295125,0.0,CD86 molecule
IL12A,ENSG00000168811,0.03253843745,0.0011297498,0.0,0.0,0.0,0.0,0.032256,0.0,interleukin 12A
STIM2,ENSG00000109689,0.029193006124999997,0.0090600245,0.0,0.0,0.0,0.0,0.026927999999999997,0.0,stromal interaction molecule 2
FOXO3,ENSG00000118689,0.029121910437499995,0.00877564175,0.0,0.0,0.0,0.0,0.026927999999999997,0.0,forkhead box O3
DISC1,ENSG00000162946,0.027662616700000003,0.0008904668000000001,0.0,0.0,0.0,0.0,0.027440000000000003,0.0,DISC1 scaffold protein
ARG1,ENSG00000118520,0.027382638699999996,0.0035445548,0.0,0.0,0.0,0.0,0.026496499999999996,0.0,arginase 1
AXDND1,ENSG00000162779,0.027207748925,0.027207748925,0.0,0.0,0.0,0.0,0.0,0.0,axonemal dynein light chain domain containing 1
ILKAP,ENSG00000132323,0.026247819219444447,0.026247819219444447,0.0,0.0,0.0,0.0,0.0,0.0,ILK associated serine/threonine phosphatase
CIITA,ENSG00000179583,0.0257542048,0.0257542048,0.0,0.0,0.0,0.0,0.0,0.0,class II major histocompatibility complex transactivator
CMKLR1,ENSG00000174600,0.025669159775000002,0.0012766391,0.0,0.0,0.0,0.0,0.02535,0.0,chemerin chemokine-like receptor 1
ATP10D,ENSG00000145246,0.025117199375,0.025117199375,0.0,0.0,0.0,0.0,0.0,0.0,ATPase phospholipid transporting 10D (putative)
RAD50,ENSG00000113522,0.025063564666666666,0.025063564666666666,0.0,0.0,0.0,0.0,0.0,0.0,RAD50 double strand break repair protein
SPATA7,ENSG00000042317,0.024775666300000002,0.024775666300000002,0.0,0.0,0.0,0.0,0.0,0.0,spermatogenesis associated 7
IKZF1,ENSG00000185811,0.024390711075,0.024390711075,0.0,0.0,0.0,0.0,0.0,0.0,IKAROS family zinc finger 1
CDKAL1,ENSG00000145996,0.023291346424999998,0.0009173857000000001,0.0,0.0,0.0,0.0,0.023062,0.0,CDK5 regulatory subunit associated protein 1 like 1
OSBPL1A,ENSG00000141447,0.02295364005,0.02295364005,0.0,0.0,0.0,0.0,0.0,0.0,oxysterol binding protein like 1A
BUD13,ENSG00000137656,0.022933276425,0.0023571057,0.0,0.0,0.0,0.0,0.022344,0.0,BUD13 homolog
CCR6,ENSG00000112486,0.02250170248125,0.001542809925,0.0,0.0,0.0,0.0,0.022116,0.0,C-C motif chemokine receptor 6
LPP,ENSG00000145012,0.022421742449999997,0.0009829698,0.0,0.0,0.0,0.0,0.022175999999999998,0.0,LIM domain containing preferred translocation partner in lipoma
IGF2,ENSG00000167244,0.022184526424999997,3.41057e-05,0.0,0.0,0.0,0.0,0.022175999999999998,0.0,insulin like growth factor 2
PRKCZ,ENSG00000067606,0.020829024625,0.0021240985,0.0,0.0,0.0,0.0,0.020298,0.0,protein kinase C zeta
PTPRD,ENSG00000153707,0.02077583583125,0.012415343325000001,0.0,0.0,0.0,0.0,0.017672,0.0,"protein tyrosine phosphatase, receptor type D"
DNAH11,ENSG00000105877,0.0207242262,0.0207242262,0.0,0.0,0.0,0.0,0.0,0.0,dynein axonemal heavy chain 11
KITLG,ENSG00000049130,0.020275827500000003,0.00430331,0.0,0.0,0.0,0.0,0.019200000000000002,0.0,KIT ligand
KCNQ1,ENSG00000053918,0.019797442875,0.006469771500000001,0.0,0.0,0.0,0.0,0.01818,0.0,potassium voltage-gated channel subfamily Q member 1
CNTN4,ENSG00000144619,0.0175356714,0.0175356714,0.0,0.0,0.0,0.0,0.0,0.0,contactin 4
WTAP,ENSG00000146457,0.01733000545,0.01733000545,0.0,0.0,0.0,0.0,0.0,0.0,WT1 associated protein
MMRN1,ENSG00000138722,0.01719622284375,0.004732891375,0.0,0.0,0.0,0.0,0.016013,0.0,multimerin 1
ASB18,ENSG00000182177,0.0167311911,0.0167311911,0.0,0.0,0.0,0.0,0.0,0.0,ankyrin repeat and SOCS box containing 18
HLA-DQB1,ENSG00000179344,0.016554727574999997,0.0094829103,0.0,0.0,0.0,0.0,0.014183999999999999,0.0,"major histocompatibility complex, class II, DQ beta 1"
KLKB1,ENSG00000164344,0.01637444935,0.0005937974,0.0,0.0,0.0,0.0,0.016226,0.0,kallikrein B1
ZNF746,ENSG00000181220,0.015526110800000001,0.015526110800000001,0.0,0.0,0.0,0.0,0.0,0.0,zinc finger protein 746
PALB2,ENSG00000083093,0.0147569339,0.0147569339,0.0,0.0,0.0,0.0,0.0,0.0,partner and localizer of BRCA2
PICALM,ENSG00000073921,0.014720222480555555,0.014720222480555555,0.0,0.0,0.0,0.0,0.0,0.0,phosphatidylinositol binding clathrin assembly protein
TMEM38B,ENSG00000095209,0.01461388776388889,0.01461388776388889,0.0,0.0,0.0,0.0,0.0,0.0,transmembrane protein 38B
CD276,ENSG00000103855,0.014608106074999998,0.0001204243,0.0,0.0,0.0,0.0,0.014577999999999999,0.0,CD276 molecule
GABRR1,ENSG00000146276,0.0140582454,0.0140582454,0.0,0.0,0.0,0.0,0.0,0.0,gamma-aminobutyric acid type A receptor rho1 subunit
IRF6,ENSG00000117595,0.013747929975000002,0.013747929975000002,0.0,0.0,0.0,0.0,0.0,0.0,interferon regulatory factor 6
NRXN3,ENSG00000021645,0.013487223100000001,0.013487223100000001,0.0,0.0,0.0,0.0,0.0,0.0,neurexin 3
KCNMA1,ENSG00000156113,0.0130523641,0.0130523641,0.0,0.0,0.0,0.0,0.0,0.0,potassium calcium-activated channel subfamily M alpha 1
IL23R,ENSG00000162594,0.012740621707416667,0.012740621707416667,0.0,0.0,0.0,0.0,0.0,0.0,interleukin 23 receptor
PTPRG,ENSG00000144724,0.0114273134,0.0114273134,0.0,0.0,0.0,0.0,0.0,0.0,"protein tyrosine phosphatase, receptor type G"
CAMK2B,ENSG00000058404,0.01123405585,0.01123405585,0.0,0.0,0.0,0.0,0.0,0.0,calcium/calmodulin dependent protein kinase II beta
GCK,ENSG00000106633,0.010976961502083334,0.010976961502083334,0.0,0.0,0.0,0.0,0.0,0.0,glucokinase
NFKBIZ,ENSG00000144802,0.010602910025,0.010602910025,0.0,0.0,0.0,0.0,0.0,0.0,NFKB inhibitor zeta
STAT2,ENSG00000170581,0.010409796975000002,0.0022391879,0.0,0.0,0.0,0.0,0.009850000000000001,0.0,signal transducer and activator of transcription 2
SP140,ENSG00000079263,0.009790901269444445,0.009790901269444445,0.0,0.0,0.0,0.0,0.0,0.0,SP140 nuclear body protein
PHF19,ENSG00000119403,0.009735271175,0.009735271175,0.0,0.0,0.0,0.0,0.0,0.0,PHD finger protein 19
MEIS1,ENSG00000143995,0.008869917483333335,0.008869917483333335,0.0,0.0,0.0,0.0,0.0,0.0,Meis homeobox 1
PCSK5,ENSG00000099139,0.008441225925,0.008441225925,0.0,0.0,0.0,0.0,0.0,0.0,proprotein convertase subtilisin/kexin type 5
CUBN,ENSG00000107611,0.0083251783,0.0083251783,0.0,0.0,0.0,0.0,0.0,0.0,cubilin
MYH9,ENSG00000100345,0.0081626085,0.0081626085,0.0,0.0,0.0,0.0,0.0,0.0,myosin heavy chain 9
RAD21L1,ENSG00000244588,0.008144760400000001,0.008144760400000001,0.0,0.0,0.0,0.0,0.0,0.0,RAD21 cohesin complex component like 1
HDAC11,ENSG00000163517,0.008104217700000001,0.008104217700000001,0.0,0.0,0.0,0.0,0.0,0.0,histone deacetylase 11
RPS6KA4,ENSG00000162302,0.0080826344,0.0080826344,0.0,0.0,0.0,0.0,0.0,0.0,ribosomal protein S6 kinase A4
FAT4,ENSG00000196159,0.007758733,0.007758733,0.0,0.0,0.0,0.0,0.0,0.0,FAT atypical cadherin 4
IL2RA,ENSG00000134460,0.0077171872694444445,0.0077171872694444445,0.0,0.0,0.0,0.0,0.0,0.0,interleukin 2 receptor subunit alpha
ADK,ENSG00000156110,0.0077092781750000006,0.0077092781750000006,0.0,0.0,0.0,0.0,0.0,0.0,adenosine kinase
NOTCH4,ENSG00000204301,0.0076458807,0.0076458807,0.0,0.0,0.0,0.0,0.0,0.0,notch 4
SH3GL2,ENSG00000107295,0.0074726043,0.0074726043,0.0,0.0,0.0,0.0,0.0,0.0,"SH3 domain containing GRB2 like 2, endophilin A1"
CENPF,ENSG00000117724,0.0073636987,0.0073636987,0.0,0.0,0.0,0.0,0.0,0.0,centromere protein F
POLR3G,ENSG00000113356,0.0071545417,0.0071545417,0.0,0.0,0.0,0.0,0.0,0.0,RNA polymerase III subunit G
UNC13A,ENSG00000130477,0.006924488775,0.006924488775,0.0,0.0,0.0,0.0,0.0,0.0,unc-13 homolog A
TRHDE,ENSG00000072657,0.006540374325,0.006540374325,0.0,0.0,0.0,0.0,0.0,0.0,thyrotropin releasing hormone degrading enzyme
RGS6,ENSG00000182732,0.0063244718,0.0063244718,0.0,0.0,0.0,0.0,0.0,0.0,regulator of G protein signaling 6
ZFP36L1,ENSG00000185650,0.0062967535,0.0062967535,0.0,0.0,0.0,0.0,0.0,0.0,ZFP36 ring finger protein like 1
ZFP90,ENSG00000184939,0.005935572125,0.005935572125,0.0,0.0,0.0,0.0,0.0,0.0,ZFP90 zinc finger protein
ZNF157,ENSG00000147117,0.0057795043,0.0057795043,0.0,0.0,0.0,0.0,0.0,0.0,zinc finger protein 157
CTNND2,ENSG00000169862,0.0057217773000000005,0.0057217773000000005,0.0,0.0,0.0,0.0,0.0,0.0,catenin delta 2
ARHGAP24,ENSG00000138639,0.0056039274,0.0056039274,0.0,0.0,0.0,0.0,0.0,0.0,Rho GTPase activating protein 24
WDR64,ENSG00000162843,0.0055668415,0.0055668415,0.0,0.0,0.0,0.0,0.0,0.0,WD repeat domain 64
IL12B,ENSG00000113302,0.0053047883249999995,0.0053047883249999995,0.0,0.0,0.0,0.0,0.0,0.0,interleukin 12B
DEPDC5,ENSG00000100150,0.0052845521,0.0052845521,0.0,0.0,0.0,0.0,0.0,0.0,DEP domain containing 5
SDK1,ENSG00000146555,0.005244394300000001,0.005244394300000001,0.0,0.0,0.0,0.0,0.0,0.0,sidekick cell adhesion molecule 1
PAFAH1B2,ENSG00000168092,0.0051306811,0.0051306811,0.0,0.0,0.0,0.0,0.0,0.0,platelet activating factor acetylhydrolase 1b catalytic subunit 2
TRAF1,ENSG00000056558,0.005122327800000001,0.005122327800000001,0.0,0.0,0.0,0.0,0.0,0.0,TNF receptor associated factor 1
WWOX,ENSG00000186153,0.005120557175,0.004140557175,0.0,0.0,0.0,0.0,0.003920000000000001,0.0,WW domain containing oxidoreductase
SLC28A1,ENSG00000156222,0.0048024124,0.0048024124,0.0,0.0,0.0,0.0,0.0,0.0,solute carrier family 28 member 1
PRNP,ENSG00000171867,0.0046646066,0.0046646066,0.0,0.0,0.0,0.0,0.0,0.0,prion protein
LRP1B,ENSG00000168702,0.0045249989000000004,0.0045249989000000004,0.0,0.0,0.0,0.0,0.0,0.0,LDL receptor related protein 1B
MOB3B,ENSG00000120162,0.0044185457,0.0044185457,0.0,0.0,0.0,0.0,0.0,0.0,MOB kinase activator 3B
FAM174B,ENSG00000185442,0.0043275469000000006,0.0043275469000000006,0.0,0.0,0.0,0.0,0.0,0.0,family with sequence similarity 174 member B
GRAMD1B,ENSG00000023171,0.0042954228,0.0042954228,0.0,0.0,0.0,0.0,0.0,0.0,GRAM domain containing 1B
COL5A1,ENSG00000130635,0.0041428327,0.0041428327,0.0,0.0,0.0,0.0,0.0,0.0,collagen type V alpha 1 chain
CR1,ENSG00000203710,0.0040372856,0.0040372856,0.0,0.0,0.0,0.0,0.0,0.0,complement C3b/C4b receptor 1 (Knops blood group)
GNA12,ENSG00000146535,0.003927741294444445,0.003927741294444445,0.0,0.0,0.0,0.0,0.0,0.0,G protein subunit alpha 12
BMP6,ENSG00000153162,0.0038929884,0.0038929884,0.0,0.0,0.0,0.0,0.0,0.0,bone morphogenetic protein 6
MST1,ENSG00000173531,0.003880048625,0.003880048625,0.0,0.0,0.0,0.0,0.0,0.0,macrophage stimulating 1
DACH1,ENSG00000276644,0.0038319569,0.0038319569,0.0,0.0,0.0,0.0,0.0,0.0,dachshund family transcription factor 1
DGKH,ENSG00000102780,0.0037317148,0.0037317148,0.0,0.0,0.0,0.0,0.0,0.0,diacylglycerol kinase eta
CCT7P2,ENSG00000249958,0.003688469175,0.003688469175,0.0,0.0,0.0,0.0,0.0,0.0,chaperonin containing TCP1 subunit 7 pseudogene 2
TSHZ3,ENSG00000121297,0.0035873465,0.0035873465,0.0,0.0,0.0,0.0,0.0,0.0,teashirt zinc finger homeobox 3
RTF1,ENSG00000137815,0.00347444345,0.00347444345,0.0,0.0,0.0,0.0,0.0,0.0,"RTF1 homolog, Paf1/RNA polymerase II complex component"
RNF219-AS1,ENSG00000234377,0.0034614537500000002,0.0034614537500000002,0.0,0.0,0.0,0.0,0.0,0.0,RNF219 antisense RNA 1
CADPS2,ENSG00000081803,0.0033917844000000003,0.0033917844000000003,0.0,0.0,0.0,0.0,0.0,0.0,calcium dependent secretion activator 2
ITPR2,ENSG00000123104,0.0032699263,0.0032699263,0.0,0.0,0.0,0.0,0.0,0.0,"inositol 1,4,5-trisphosphate receptor type 2"
TFAP2B,ENSG00000008196,0.0032598567,0.0032598567,0.0,0.0,0.0,0.0,0.0,0.0,transcription factor AP-2 beta
CCDC63,ENSG00000173093,0.0032297866750000005,0.0032297866750000005,0.0,0.0,0.0,0.0,0.0,0.0,coiled-coil domain containing 63
PLEK,ENSG00000115956,0.0032231054,0.0032231054,0.0,0.0,0.0,0.0,0.0,0.0,pleckstrin
CASC15,ENSG00000272168,0.003221296825,0.003221296825,0.0,0.0,0.0,0.0,0.0,0.0,cancer susceptibility 15
CRACR2A,ENSG00000130038,0.0031974051,0.0031974051,0.0,0.0,0.0,0.0,0.0,0.0,calcium release activated channel regulator 2A
EPC2,ENSG00000135999,0.0031613335000000003,0.0031613335000000003,0.0,0.0,0.0,0.0,0.0,0.0,enhancer of polycomb homolog 2
ADAMTS12,ENSG00000151388,0.0031590849000000002,0.0031590849000000002,0.0,0.0,0.0,0.0,0.0,0.0,ADAM metallopeptidase with thrombospondin type 1 motif 12
DPP6,ENSG00000130226,0.0031166245000000003,0.0031166245000000003,0.0,0.0,0.0,0.0,0.0,0.0,dipeptidyl peptidase like 6
CCDC170,ENSG00000120262,0.00310820295,0.00310820295,0.0,0.0,0.0,0.0,0.0,0.0,coiled-coil domain containing 170
TBX3,ENSG00000135111,0.0031064719000000003,0.0031064719000000003,0.0,0.0,0.0,0.0,0.0,0.0,T-box 3
BIN1,ENSG00000136717,0.0031008646000000003,0.0031008646000000003,0.0,0.0,0.0,0.0,0.0,0.0,bridging integrator 1
SLC14A2,ENSG00000132874,0.0030697069,0.0030697069,0.0,0.0,0.0,0.0,0.0,0.0,solute carrier family 14 member 2
REV3L,ENSG00000009413,0.0030218778,0.0030218778,0.0,0.0,0.0,0.0,0.0,0.0,"REV3 like, DNA directed polymerase zeta catalytic subunit"
FAM162B,ENSG00000183807,0.0029331138,0.0029331138,0.0,0.0,0.0,0.0,0.0,0.0,family with sequence similarity 162 member B
SLC17A3,ENSG00000124564,0.0028804552,0.0028804552,0.0,0.0,0.0,0.0,0.0,0.0,solute carrier family 17 member 3
MACROD2,ENSG00000172264,0.0028638860000000004,0.0028638860000000004,0.0,0.0,0.0,0.0,0.0,0.0,MACRO domain containing 2
DAP,ENSG00000112977,0.002857412,0.002857412,0.0,0.0,0.0,0.0,0.0,0.0,death associated protein
ADAMTSL3,ENSG00000156218,0.002824418225,0.002824418225,0.0,0.0,0.0,0.0,0.0,0.0,ADAMTS like 3
SIK3,ENSG00000160584,0.002820364675,0.002820364675,0.0,0.0,0.0,0.0,0.0,0.0,SIK family kinase 3
LRP2,ENSG00000081479,0.0028083536,0.0028083536,0.0,0.0,0.0,0.0,0.0,0.0,LDL receptor related protein 2
NUP205,ENSG00000155561,0.0027776964,0.0027776964,0.0,0.0,0.0,0.0,0.0,0.0,nucleoporin 205
ZIC1,ENSG00000152977,0.0027716376,0.0027716376,0.0,0.0,0.0,0.0,0.0,0.0,Zic family member 1
C6orf10,ENSG00000204296,0.0027125573,0.0027125573,0.0,0.0,0.0,0.0,0.0,0.0,chromosome 6 open reading frame 10
MPP2,ENSG00000108852,0.0026715234,0.0026715234,0.0,0.0,0.0,0.0,0.0,0.0,membrane palmitoylated protein 2
ANKFN1,ENSG00000153930,0.0026711443,0.0026711443,0.0,0.0,0.0,0.0,0.0,0.0,ankyrin repeat and fibronectin type III domain containing 1
CR1L,ENSG00000197721,0.0026541371,0.0026541371,0.0,0.0,0.0,0.0,0.0,0.0,complement C3b/C4b receptor 1 like
SLC25A43,ENSG00000077713,0.0024302191,0.0024302191,0.0,0.0,0.0,0.0,0.0,0.0,solute carrier family 25 member 43
NCAPD3,ENSG00000151503,0.00240473405,0.00240473405,0.0,0.0,0.0,0.0,0.0,0.0,non-SMC condensin II complex subunit D3
ISG20,ENSG00000172183,0.0023857165,0.0023857165,0.0,0.0,0.0,0.0,0.0,0.0,interferon stimulated exonuclease gene 20
FUBP3,ENSG00000107164,0.0023734976000000002,0.0023734976000000002,0.0,0.0,0.0,0.0,0.0,0.0,far upstream element binding protein 3
PLA2G12A,ENSG00000123739,0.0023693813,0.0023693813,0.0,0.0,0.0,0.0,0.0,0.0,phospholipase A2 group XIIA
DIRAS2,ENSG00000165023,0.0023215255000000002,0.0023215255000000002,0.0,0.0,0.0,0.0,0.0,0.0,DIRAS family GTPase 2
TRIM4,ENSG00000146833,0.0022962883,0.0022962883,0.0,0.0,0.0,0.0,0.0,0.0,tripartite motif containing 4
TUSC1,ENSG00000198680,0.0022465646,0.0022465646,0.0,0.0,0.0,0.0,0.0,0.0,tumor suppressor candidate 1
HS3ST3A1,ENSG00000153976,0.0021926617,0.0021926617,0.0,0.0,0.0,0.0,0.0,0.0,heparan sulfate-glucosamine 3-sulfotransferase 3A1
FGFR1OP,ENSG00000213066,0.0021582293,0.0021582293,0.0,0.0,0.0,0.0,0.0,0.0,FGFR1 oncogene partner
SGSM2,ENSG00000141258,0.0021404501,0.0021404501,0.0,0.0,0.0,0.0,0.0,0.0,small G protein signaling modulator 2
SLC26A9,ENSG00000174502,0.0020682465,0.0020682465,0.0,0.0,0.0,0.0,0.0,0.0,solute carrier family 26 member 9
PRKAR2B,ENSG00000005249,0.0019482402,0.0019482402,0.0,0.0,0.0,0.0,0.0,0.0,protein kinase cAMP-dependent type II regulatory subunit beta
PDZRN4,ENSG00000165966,0.0019385526,0.0019385526,0.0,0.0,0.0,0.0,0.0,0.0,PDZ domain containing ring finger 4
PPP2R5E,ENSG00000154001,0.0018779737,0.0018779737,0.0,0.0,0.0,0.0,0.0,0.0,protein phosphatase 2 regulatory subunit B'epsilon
FAM126A,ENSG00000122591,0.0018047990000000002,0.0018047990000000002,0.0,0.0,0.0,0.0,0.0,0.0,family with sequence similarity 126 member A
DIS3L2,ENSG00000144535,0.0017756103,0.0017756103,0.0,0.0,0.0,0.0,0.0,0.0,DIS3 like 3'-5' exoribonuclease 2
BATF,ENSG00000156127,0.0017249619,0.0017249619,0.0,0.0,0.0,0.0,0.0,0.0,basic leucine zipper ATF-like transcription factor
SUSD1,ENSG00000106868,0.00169421945,0.00169421945,0.0,0.0,0.0,0.0,0.0,0.0,sushi domain containing 1
TCL6,ENSG00000187621,0.0016332007,0.0016332007,0.0,0.0,0.0,0.0,0.0,0.0,T cell leukemia/lymphoma 6
HLA-DRB1,ENSG00000196126,0.0016004667,0.0016004667,0.0,0.0,0.0,0.0,0.0,0.0,"major histocompatibility complex, class II, DR beta 1"
SLC17A1,ENSG00000124568,0.0015728926,0.0015728926,0.0,0.0,0.0,0.0,0.0,0.0,solute carrier family 17 member 1
FASTKD2,ENSG00000118246,0.0014852066,0.0014852066,0.0,0.0,0.0,0.0,0.0,0.0,FAST kinase domains 2
NUMB,ENSG00000133961,0.001475773,0.001475773,0.0,0.0,0.0,0.0,0.0,0.0,"NUMB, endocytic adaptor protein"
PCSK2,ENSG00000125851,0.001410682275,0.001410682275,0.0,0.0,0.0,0.0,0.0,0.0,proprotein convertase subtilisin/kexin type 2
USP46,ENSG00000109189,0.0013921134,0.0013921134,0.0,0.0,0.0,0.0,0.0,0.0,ubiquitin specific peptidase 46
BLK,ENSG00000136573,0.0013901368,0.0013901368,0.0,0.0,0.0,0.0,0.0,0.0,"BLK proto-oncogene, Src family tyrosine kinase"
LIN28B,ENSG00000187772,0.0013614455000000001,0.0013614455000000001,0.0,0.0,0.0,0.0,0.0,0.0,lin-28 homolog B
ZBTB40,ENSG00000184677,0.0013323038,0.0013323038,0.0,0.0,0.0,0.0,0.0,0.0,zinc finger and BTB domain containing 40
CDC42EP3,ENSG00000163171,0.0013315555,0.0013315555,0.0,0.0,0.0,0.0,0.0,0.0,CDC42 effector protein 3
SKIV2L,ENSG00000204351,0.0012930806,0.0012930806,0.0,0.0,0.0,0.0,0.0,0.0,Ski2 like RNA helicase
AP3S2,ENSG00000157823,0.0011962985,0.0011962985,0.0,0.0,0.0,0.0,0.0,0.0,adaptor related protein complex 3 subunit sigma 2
LRRC18,ENSG00000165383,0.0011715554,0.0011715554,0.0,0.0,0.0,0.0,0.0,0.0,leucine rich repeat containing 18
ARL14,ENSG00000179674,0.0011559295,0.0011559295,0.0,0.0,0.0,0.0,0.0,0.0,ADP ribosylation factor like GTPase 14
RORA,ENSG00000069667,0.0011269166000000001,0.0011269166000000001,0.0,0.0,0.0,0.0,0.0,0.0,RAR related orphan receptor A
DSC3,ENSG00000134762,0.0010788957,0.0010788957,0.0,0.0,0.0,0.0,0.0,0.0,desmocollin 3
PLEKHA1,ENSG00000107679,0.0010772492,0.0010772492,0.0,0.0,0.0,0.0,0.0,0.0,pleckstrin homology domain containing A1
HERPUD1,ENSG00000051108,0.0010630849,0.0010630849,0.0,0.0,0.0,0.0,0.0,0.0,homocysteine inducible ER protein with ubiquitin like domain 1
SLC9A9,ENSG00000181804,0.0010566844000000001,0.0010566844000000001,0.0,0.0,0.0,0.0,0.0,0.0,solute carrier family 9 member A9
HLA-DQA2,ENSG00000237541,0.0009896439,0.0009896439,0.0,0.0,0.0,0.0,0.0,0.0,"major histocompatibility complex, class II, DQ alpha 2"
B3GNT2,ENSG00000170340,0.0009879748,0.0009879748,0.0,0.0,0.0,0.0,0.0,0.0,"UDP-GlcNAc:betaGal beta-1,3-N-acetylglucosaminyltransferase 2"
SRR,ENSG00000167720,0.000983974,0.000983974,0.0,0.0,0.0,0.0,0.0,0.0,serine racemase
CAAP1,ENSG00000120159,0.0009764703,0.0009764703,0.0,0.0,0.0,0.0,0.0,0.0,caspase activity and apoptosis inhibitor 1
ADGRG6,ENSG00000112414,0.0009606528250000001,0.0009606528250000001,0.0,0.0,0.0,0.0,0.0,0.0,adhesion G protein-coupled receptor G6
SCGN,ENSG00000079689,0.0009496907,0.0009496907,0.0,0.0,0.0,0.0,0.0,0.0,"secretagogin, EF-hand calcium binding protein"
CHRNB4,ENSG00000117971,0.0009447274,0.0009447274,0.0,0.0,0.0,0.0,0.0,0.0,cholinergic receptor nicotinic beta 4 subunit
RASA1,ENSG00000145715,0.0008974491000000001,0.0008974491000000001,0.0,0.0,0.0,0.0,0.0,0.0,RAS p21 protein activator 1
MMP24,ENSG00000125966,0.0008573097,0.0008573097,0.0,0.0,0.0,0.0,0.0,0.0,matrix metallopeptidase 24
RAB3GAP1,ENSG00000115839,0.000845844,0.000845844,0.0,0.0,0.0,0.0,0.0,0.0,RAB3 GTPase activating protein catalytic subunit 1
PALM2-AKAP2,ENSG00000157654,0.0008199101,0.0008199101,0.0,0.0,0.0,0.0,0.0,0.0,PALM2-AKAP2 readthrough
SLCO3A1,ENSG00000176463,0.0008068918000000001,0.0008068918000000001,0.0,0.0,0.0,0.0,0.0,0.0,solute carrier organic anion transporter family member 3A1
ARL6,ENSG00000113966,0.0007871608,0.0007871608,0.0,0.0,0.0,0.0,0.0,0.0,ADP ribosylation factor like GTPase 6
SLTM,ENSG00000137776,0.0007862228,0.0007862228,0.0,0.0,0.0,0.0,0.0,0.0,SAFB like transcription modulator
MICAL3,ENSG00000243156,0.0007831619000000001,0.0007831619000000001,0.0,0.0,0.0,0.0,0.0,0.0,"microtubule associated monooxygenase, calponin and LIM domain containing 3"
LRRC58,ENSG00000163428,0.0007823984,0.0007823984,0.0,0.0,0.0,0.0,0.0,0.0,leucine rich repeat containing 58
RFTN1,ENSG00000131378,0.0007774936000000001,0.0007774936000000001,0.0,0.0,0.0,0.0,0.0,0.0,"raftlin, lipid raft linker 1"
RIPK2,ENSG00000104312,0.0007044895,0.0007044895,0.0,0.0,0.0,0.0,0.0,0.0,receptor interacting serine/threonine kinase 2
VRK2,ENSG00000028116,0.0006877062,0.0006877062,0.0,0.0,0.0,0.0,0.0,0.0,VRK serine/threonine kinase 2
GPR35,ENSG00000178623,0.0006472039,0.0006472039,0.0,0.0,0.0,0.0,0.0,0.0,G protein-coupled receptor 35
NRSN1,ENSG00000152954,0.0006360297,0.0006360297,0.0,0.0,0.0,0.0,0.0,0.0,neurensin 1
CCDC60,ENSG00000183273,0.0006216411000000001,0.0006216411000000001,0.0,0.0,0.0,0.0,0.0,0.0,coiled-coil domain containing 60
SPATA13,ENSG00000182957,0.0006107248,0.0006107248,0.0,0.0,0.0,0.0,0.0,0.0,spermatogenesis associated 13
SLC17A4,ENSG00000146039,0.0006034447,0.0006034447,0.0,0.0,0.0,0.0,0.0,0.0,solute carrier family 17 member 4
ATP8B1,ENSG00000081923,0.0005864673,0.0005864673,0.0,0.0,0.0,0.0,0.0,0.0,ATPase phospholipid transporting 8B1
MINPP1,ENSG00000107789,0.0005612922,0.0005612922,0.0,0.0,0.0,0.0,0.0,0.0,multiple inositol-polyphosphate phosphatase 1
CSMD1,ENSG00000183117,0.0005231262,0.0005231262,0.0,0.0,0.0,0.0,0.0,0.0,CUB and Sushi multiple domains 1
ADGRL1,ENSG00000072071,0.0005174845,0.0005174845,0.0,0.0,0.0,0.0,0.0,0.0,adhesion G protein-coupled receptor L1
HIP1,ENSG00000127946,0.00049256,0.00049256,0.0,0.0,0.0,0.0,0.0,0.0,huntingtin interacting protein 1
CD226,ENSG00000150637,0.0004704574,0.0004704574,0.0,0.0,0.0,0.0,0.0,0.0,CD226 molecule
MYRIP,ENSG00000170011,0.0004654462,0.0004654462,0.0,0.0,0.0,0.0,0.0,0.0,myosin VIIA and Rab interacting protein
SLC1A7,ENSG00000162383,0.00045860780000000004,0.00045860780000000004,0.0,0.0,0.0,0.0,0.0,0.0,solute carrier family 1 member 7
BICDL1,ENSG00000135127,0.0004504988,0.0004504988,0.0,0.0,0.0,0.0,0.0,0.0,BICD family like cargo adaptor 1
C2CD4B,ENSG00000205502,0.0004053905,0.0004053905,0.0,0.0,0.0,0.0,0.0,0.0,C2 calcium dependent domain containing 4B
ZBP1,ENSG00000124256,0.00039940440000000004,0.00039940440000000004,0.0,0.0,0.0,0.0,0.0,0.0,Z-DNA binding protein 1
MS4A4A,ENSG00000110079,0.0003793588,0.0003793588,0.0,0.0,0.0,0.0,0.0,0.0,membrane spanning 4-domains A4A
SALL1,ENSG00000103449,0.0003286441,0.0003286441,0.0,0.0,0.0,0.0,0.0,0.0,spalt like transcription factor 1
PRDM15,ENSG00000141956,0.0003027062,0.0003027062,0.0,0.0,0.0,0.0,0.0,0.0,PR/SET domain 15
TNNT3,ENSG00000130595,0.0002928376,0.0002928376,0.0,0.0,0.0,0.0,0.0,0.0,"troponin T3, fast skeletal type"
SOCS6,ENSG00000170677,0.00026581230000000003,0.00026581230000000003,0.0,0.0,0.0,0.0,0.0,0.0,suppressor of cytokine signaling 6
FAM155A,ENSG00000204442,0.0002384843,0.0002384843,0.0,0.0,0.0,0.0,0.0,0.0,family with sequence similarity 155 member A
LYPLAL1,ENSG00000143353,0.0002204373,0.0002204373,0.0,0.0,0.0,0.0,0.0,0.0,lysophospholipase like 1
ARL5B,ENSG00000165997,0.000211504,0.000211504,0.0,0.0,0.0,0.0,0.0,0.0,ADP ribosylation factor like GTPase 5B
ZNF492,ENSG00000229676,0.0002071846,0.0002071846,0.0,0.0,0.0,0.0,0.0,0.0,zinc finger protein 492
ITGA6,ENSG00000091409,0.0001946796,0.0001946796,0.0,0.0,0.0,0.0,0.0,0.0,integrin subunit alpha 6
RYR2,ENSG00000198626,0.0001713216,0.0001713216,0.0,0.0,0.0,0.0,0.0,0.0,ryanodine receptor 2
MAP2K5,ENSG00000137764,0.00015312650000000002,0.00015312650000000002,0.0,0.0,0.0,0.0,0.0,0.0,mitogen-activated protein kinase kinase 5
RNF43,ENSG00000108375,0.0001391157,0.0001391157,0.0,0.0,0.0,0.0,0.0,0.0,ring finger protein 43
PDGFRA,ENSG00000134853,0.0001284786,0.0001284786,0.0,0.0,0.0,0.0,0.0,0.0,platelet derived growth factor receptor alpha
TMEM258,ENSG00000134825,5.91399e-05,5.91399e-05,0.0,0.0,0.0,0.0,0.0,0.0,transmembrane protein 258
SLC44A5,ENSG00000137968,5.80596e-05,5.80596e-05,0.0,0.0,0.0,0.0,0.0,0.0,solute carrier family 44 member 5
LRRN4,ENSG00000125872,5.6364300000000005e-05,5.6364300000000005e-05,0.0,0.0,0.0,0.0,0.0,0.0,leucine rich repeat neuronal 4
ITGAX,ENSG00000140678,4.2806400000000004e-05,4.2806400000000004e-05,0.0,0.0,0.0,0.0,0.0,0.0,integrin subunit alpha X
SIN3A,ENSG00000169375,4.0726900000000005e-05,4.0726900000000005e-05,0.0,0.0,0.0,0.0,0.0,0.0,SIN3 transcription regulator family member A
ZNF341,ENSG00000131061,2.5184500000000003e-05,2.5184500000000003e-05,0.0,0.0,0.0,0.0,0.0,0.0,zinc finger protein 341
UTS2B,ENSG00000188958,3.482e-07,3.482e-07,0.0,0.0,0.0,0.0,0.0,0.0,urotensin 2B
